A,elt,Z,S(n),S(p),Q(4B-),"Q(d,a)","Q(p,a)","Q(n,a)"
10,Li,3,26.0,12.0,15172.0,48.0,5747.0,400.0
12,Be,4,3170.0,1.0,22939.0,2.0,6836.0,24.0
13,Be,4,510.0,10.0,22639.0,31.0,10543.0,13.0
14,B,5,969.0,21.0,17284.0,23.0,8300.0,46.0
15,B,5,2776.0,29.0,18285.0,133.0,12391.0,25.0
15,C,6,1218.0,0.0,21079.0,21.0,30342.0,66.0
16,B,5,82.0,14.0,20002.0,167.0,26432.0,25.0
16,C,6,4250.0,3.0,22553.0,21.0,10292.0,20.0
17,C,6,733.0,17.0,23369.0,30.0,4531.0,17.0
17,N,7,5885.0,15.0,13113.0,15.0,27303.0,1001.0
18,C,6,4183.0,34.0,26086.0,206.0,19601.0,30.0
18,N,7,2828.0,23.0,15207.0,25.0,11924.0,95.0
19,C,6,576.0,93.0,26667.0,226.0,30661.0,98.0
19,N,7,5328.0,24.0,16351.0,34.0,2926.0,19.0
19,O,8,3955.0,2.0,17069.0,18.0,28495.0,50.0
20,C,6,2981.0,250.0,29555.0,573.0,44545.0,230.0
20,N,7,2161.0,80.0,17936.0,126.0,14915.0,78.0
20,O,8,7608.0,2.0,19349.0,16.0,13681.0,2.0
21,N,7,4605.0,155.0,19560.0,266.0,27416.0,134.0
21,O,8,3805.0,12.0,20993.0,79.0,2841.0,12.0
21,F,9,8101.0,1.0,11132.0,2.0,27038.0,7330.0
22,N,7,1538.0,247.0,21167.0,36946.0,207.0,4972.0
22,O,8,6850.0,58.0,23237.0,145.0,9682.0,56.0
22,F,9,5230.0,12.0,12557.0,17.0,15408.0,9708.0
22,Ne,10,10364.0,0.0,15266.0,1.0,41363.0,2703.0
23,N,7,3115.0,469.0,24179.0,480.0,46250.0,420.0
23,O,8,2732.0,134.0,24432.0,240.0,20094.0,121.0
23,F,9,7579.0,35.0,13286.0,65.0,3462.0,33.0
23,Ne,10,5200.0,0.0,15236.0,12.0,28851.0,5604.0
24,O,8,4192.0,204.0,25508.0,451.0,32433.0,164.0
24,F,9,3812.0,103.0,14365.0,156.0,7593.0,97.0
24,Ne,10,8868.0,0.0,16525.0,33.0,16696.0,19.0
24,Na,11,6959.0,0.0,10552.0,0.0,41737.0,10317.0
25,O,8,757.0,8.0,26898.0,40521.0,165.0,1319.0
25,F,9,4281.0,137.0,14455.0,191.0,20250.0,96.0
25,Ne,10,4155.0,29.0,16868.0,101.0,5862.0,30.0
25,Na,11,9011.0,1.0,10695.0,1.0,29096.0,6507.0
26,F,9,756.0,147.0,15969.0,199.0,30859.0,111.0
26,Ne,10,5554.0,34.0,18142.0,98.0,7622.0,18.0
26,Na,11,5574.0,3.0,12114.0,29.0,17834.0,9801.0
26,Mg,12,11093.0,0.0,14145.0,1.0,43293.0,2914.0
27,F,9,1269.0,405.0,16499.0,423.0,42647.0,389.0
27,Ne,10,1501.0,92.0,18886.0,143.0,19435.0,90.0
27,Na,11,6728.0,5.0,13287.0,18.0,4795.0,26.0
27,Mg,12,6443.0,0.0,15014.0,3.0,31614.0,5482.0
28,F,9,220.0,50.0,18217.0,50592.0,393.0,9791.0
28,Ne,10,3822.0,155.0,21439.0,409.0,32792.0,126.0
28,Na,11,3541.0,10.0,15328.0,91.0,6159.0,10.0
28,Mg,12,8503.0,2.0,16790.0,4.0,19092.0,160.0
28,Al,13,7725.0,0.0,9553.0,0.0,44367.0,10074.0
29,Ne,10,971.0,195.0,22630.0,420.0,40294.0,149.0
29,Na,11,4403.0,12.0,15908.0,126.0,19632.0,7.0
29,Mg,12,3655.0,11.0,16903.0,15.0,7446.0,51.0
29,Al,13,9428.0,0.0,10477.0,2.0,31369.0,188.0
30,Ne,10,3191.0,294.0,24159.0,583.0,47713.0,253.0
30,Na,11,2276.0,8.0,17214.0,149.0,28675.0,4.0
30,Mg,12,6352.0,11.0,18852.0,8.0,5175.0,3.0
30,Al,13,5728.0,2.0,12550.0,11.0,20308.0,9864.0
30,Si,14,10609.0,0.0,13514.0,0.0,45364.0,206.0
31,Ne,10,169.0,126.0,24219.0,54130.0,266.0,1742.0
31,Na,11,4299.0,14.0,18323.0,253.0,36686.0,13.0
31,Mg,12,2309.0,4.0,18885.0,5.0,15920.0,3.0
31,Al,13,7157.0,3.0,13355.0,4.0,7916.0,4.0
31,Si,14,6587.0,0.0,14373.0,2.0,34274.0,5969.0
32,Na,11,1677.0,39.0,19830.0,268.0,42945.0,37.0
32,Mg,12,5778.0,4.0,20363.0,14.0,25186.0,3.0
32,Al,13,4219.0,7.0,15266.0,7.0,2235.0,7.0
32,Si,14,9199.0,0.0,16415.0,2.0,21877.0,1.0
32,P,15,7935.0,0.0,8644.0,0.0,45403.0,10838.0
33,Na,11,2931.0,451.0,20508.0,50117.0,449.0,3309.0
33,Mg,12,2280.0,4.0,20966.0,37.0,31548.0,2.0
33,Al,13,5469.0,10.0,14957.0,7.0,12505.0,7.0
33,Si,14,4507.0,0.0,16703.0,7.0,11130.0,0.0
33,P,15,10103.0,1.0,9548.0,1.0,33379.0,7322.0
34,Na,11,171.0,749.0,21606.0,56228.0,599.0,5392.0
34,Mg,12,4710.0,29.0,22745.0,450.0,38255.0,28.0
34,Al,13,2574.0,7.0,15251.0,4.0,21439.0,3.0
34,Si,14,7513.0,14.0,18748.0,15.0,1578.0,14.0
34,P,15,6282.0,1.0,11323.0,1.0,23328.0,10239.0
34,S,16,11417.0,0.0,10883.0,1.0,43783.0,5083.0
35,Mg,12,754.0,271.0,23329.0,657.0,44485.0,269.0
35,Al,13,5294.0,7.0,15836.0,29.0,28789.0,7.0
35,Si,14,2505.0,38.0,18680.0,35.0,8655.0,35.0
35,P,15,8380.0,2.0,12189.0,14.0,13684.0,1.0
35,S,16,6985.0,0.0,11586.0,0.0,33634.0,8201.0
36,Mg,12,3330.0,741.0,25140.0,51044.0,690.0,589.0
36,Al,13,1897.0,149.0,16978.0,308.0,35472.0,149.0
36,Si,14,6115.0,80.0,19501.0,72.0,17795.0,71.0
36,P,15,3464.0,13.0,13148.0,38.0,2833.0,13.0
36,S,16,9889.0,0.0,13095.0,1.0,24212.0,40.0
36,Cl,17,8579.0,0.0,7964.0,0.0,44873.0,11120.0
37,Mg,12,240.0,110.0,25380.0,55107.0,698.0,691.0
37,Al,13,4212.0,234.0,17859.0,713.0,41571.0,180.0
37,Si,14,2206.0,134.0,19810.0,187.0,24376.0,113.0
37,P,15,6816.0,40.0,13848.0,81.0,5804.0,37.0
37,S,16,4303.0,0.0,13934.0,13.0,13760.0,0.0
37,Cl,17,10310.0,0.0,8386.0,0.0,35282.0,7795.0
38,Al,13,1671.0,415.0,19290.0,792.0,46007.0,374.0
38,Si,14,5670.0,154.0,21268.0,208.0,30544.0,104.0
38,P,15,3696.0,81.0,15339.0,134.0,14179.0,72.0
38,S,16,8036.0,7.0,15154.0,38.0,4802.0,7.0
38,Cl,17,6107.0,0.0,10190.0,0.0,25549.0,11576.0
38,Ar,18,11838.0,0.0,10242.0,0.0,45584.0,5517.0
39,Al,13,3631.0,20713.0,50450.0,3150.0,5134.0,20006.0
39,Si,14,1580.0,171.0,21178.0,398.0,35562.0,135.0
39,P,15,6224.0,134.0,15893.0,153.0,21032.0,112.0
39,S,16,4372.0,50.0,15830.0,88.0,4120.0,50.0
39,Cl,17,8073.0,1.0,10227.0,7.0,15627.0,24.0
39,Ar,18,6598.0,5.0,10733.0,5.0,35442.0,9230.0
40,Al,13,1132.0,21974.0,55148.0,4227.0,4243.0,20298.0
40,Si,14,4961.0,370.0,22510.0,40469.0,345.0,69.0
40,P,15,3411.0,190.0,17723.0,204.0,25421.0,153.0
40,S,16,7746.0,50.0,17352.0,112.0,12008.0,3.0
40,Cl,17,5828.0,32.0,11684.0,59.0,7034.0,32.0
40,Ar,18,9869.0,5.0,12528.0,1.0,26189.0,160.0
40,K,19,7799.0,0.0,7582.0,5.0,45705.0,11890.0
41,Si,14,1381.0,653.0,22759.0,45187.0,554.0,2180.0
41,P,15,4936.0,195.0,17698.0,365.0,30579.0,120.0
41,S,16,4242.0,5.0,18183.0,153.0,16129.0,4.0
41,Cl,17,7820.0,75.0,11758.0,68.0,1335.0,68.0
41,Ar,18,6098.0,0.0,12798.0,32.0,17369.0,27.0
41,K,19,10095.0,0.0,7808.0,0.0,35880.0,8393.0
42,Si,14,3721.0,24239.0,50892.0,409.0,684.0,20159.0
42,P,15,2081.0,336.0,18398.0,637.0,36031.0,314.0
42,S,16,6700.0,4.0,19946.0,120.0,20909.0,2.0
42,Cl,17,5595.0,90.0,13112.0,59.0,7289.0,59.0
42,Ar,18,9426.0,5.0,14404.0,68.0,9318.0,5.0
42,K,19,7533.0,0.0,9243.0,0.0,27402.0,10728.0
42,Ca,20,11480.0,0.0,10276.0,0.0,45277.0,5699.0
43,Si,14,1440.0,24288.0,55111.0,392.0,375.0,19603.0
43,P,15,4401.0,637.0,19079.0,41255.0,554.0,3270.0
43,S,16,2629.0,5.0,20494.0,314.0,26213.0,4.0
43,Cl,17,7399.0,85.0,13810.0,61.0,12028.0,61.0
43,Ar,18,5658.0,7.0,14467.0,59.0,2688.0,8.0
43,K,19,9624.0,0.0,9441.0,5.0,18659.0,42.0
43,Ca,20,7932.0,0.0,10675.0,0.0,36439.0,7861.0
44,P,15,2301.0,19940.0,46232.0,4691.0,3195.0,17323.0
44,S,16,5080.0,7.0,21173.0,554.0,32264.0,5.0
44,Cl,17,4296.0,149.0,15478.0,136.0,17431.0,136.0
44,Ar,18,8734.0,5.0,15802.0,61.0,4875.0,1.0
44,K,19,7277.0,0.0,11060.0,5.0,11665.0,181.0
44,Ca,20,11131.0,0.0,12182.0,0.0,28108.0,4264.0
44,Sc,21,9699.0,2.0,6696.0,1.0,44846.0,11442.0
45,P,15,2922.0,20202.0,52215.0,3209.0,3994.0,18854.0
45,S,16,2856.0,1035.0,21729.0,36822.0,1035.0,2041.0
45,Cl,17,5949.0,192.0,16347.0,136.0,22809.0,136.0
45,Ar,18,5168.0,1.0,16675.0,136.0,9239.0,0.0
45,K,19,8905.0,0.0,11231.0,1.0,4729.0,1.0
45,Ca,20,7414.0,0.0,12319.0,0.0,21297.0,35.0
45,Sc,21,11327.0,1.0,6892.0,0.0,35822.0,8047.0
45,Ti,22,9532.0,1.0,8482.0,1.0,52772.0,7889.0
46,S,16,3742.0,22549.0,43479.0,600.0,524.0,17115.0
46,Cl,17,3668.0,249.0,17158.0,1056.0,27901.0,208.0
46,Ar,18,8073.0,1.0,18799.0,136.0,14354.0,1.0
46,K,19,6869.0,0.0,12932.0,0.0,1661.0,0.0
46,Ca,20,10398.0,2.0,13812.0,2.0,13667.0,11.0
46,Sc,21,8760.0,0.0,8238.0,0.0,29192.0,10418.0
46,Ti,22,13189.0,0.0,10344.0,0.0,45038.0,4398.0
47,S,16,1041.0,22889.0,49714.0,2481.0,1784.0,15497.0
47,Cl,17,3992.0,17409.0,34557.0,4921.0,4289.0,14584.0
47,Ar,18,3664.0,1.0,18795.0,208.0,19571.0,1.0
47,K,19,8369.0,1.0,13228.0,1.0,6294.0,1.0
47,Ca,20,7276.0,0.0,14219.0,2.0,7781.0,6.0
47,Sc,21,10646.0,2.0,8486.0,1.0,21770.0,31.0
47,Ti,22,8880.0,0.0,10465.0,0.0,38068.0,6845.0
47,V,23,13002.0,0.0,5167.0,0.0,52377.0,7714.0
48,Cl,17,2572.0,18939.0,40224.0,6091.0,4573.0,14234.0
48,Ar,18,4986.0,307.0,19791.0,26211.0,307.0,2288.0
48,K,19,4643.0,1.0,14207.0,1.0,12193.0,1.0
48,Ca,20,9951.0,2.0,15801.0,1.0,1402.0,7.0
48,Sc,21,8238.0,5.0,9448.0,5.0,15207.0,8.0
48,Ti,22,11626.0,0.0,11445.0,1.0,30493.0,3979.0
48,V,23,10542.0,0.0,6829.0,0.0,45977.0,10360.0
48,Cr,24,16330.0,9.0,8104.0,7.0,59615.0,4964.0
49,Cl,17,2851.0,19111.0,47501.0,4281.0,5464.0,16383.0
49,Ar,18,2980.0,20199.0,31374.0,3301.0,1534.0,11883.0
49,K,19,5398.0,1.0,14619.0,307.0,18350.0,1.0
49,Ca,20,5146.0,0.0,16304.0,0.0,4033.0,2.0
49,Sc,21,10128.0,5.0,9625.0,2.0,8940.0,3.0
49,Ti,22,8142.0,0.0,11348.0,4.0,23813.0,24.0
49,V,23,11555.0,1.0,6758.0,0.0,38082.0,7686.0
49,Cr,24,10582.0,7.0,8144.0,2.0,53533.0,7384.0
50,Ar,18,4211.0,21559.0,38102.0,1661.0,1314.0,15053.0
50,K,19,4187.0,7.0,15827.0,23496.0,7.0,7264.0
50,Ca,20,6360.0,1.0,17266.0,1.0,10672.0,1.0
50,Sc,21,6057.0,15.0,10536.0,15.0,1919.0,15.0
50,Ti,22,10939.0,0.0,12159.0,2.0,16955.0,8.0
50,V,23,9333.0,0.0,7949.0,0.0,31594.0,9979.0
50,Cr,24,13000.0,2.0,9589.0,0.0,46142.0,4926.0
51,Ar,18,1432.0,21719.0,43043.0,3081.0,2454.0,13805.0
51,K,19,4859.0,15.0,16475.0,29687.0,13.0,5384.0
51,Ca,20,4814.0,1.0,17893.0,7.0,15119.0,0.0
51,Sc,21,6752.0,25.0,10928.0,20.0,5015.0,20.0
51,Ti,22,6372.0,0.0,12474.0,15.0,9530.0,8.0
51,V,23,11051.0,0.0,8061.0,0.0,24861.0,48.0
51,Cr,24,9260.0,0.0,9516.0,0.0,39552.0,7221.0
52,K,19,2692.0,35.0,17737.0,34306.0,33.0,6903.0
52,Ca,20,6005.0,0.0,19039.0,13.0,21152.0,0.0
52,Sc,21,5285.0,84.0,11399.0,81.0,10264.0,81.0
52,Ti,22,7808.0,7.0,13530.0,21.0,1139.0,8.0
52,V,23,7311.0,0.0,8999.0,0.0,17082.0,8.0
52,Cr,24,12039.0,0.0,10504.0,0.0,33089.0,4515.0
52,Mn,25,10534.0,1.0,6544.0,1.0,48427.0,10265.0
53,K,19,3229.0,116.0,18305.0,39555.0,111.0,5105.0
53,Ca,20,3192.0,43.0,19539.0,55.0,25899.0,43.0
53,Sc,21,6534.0,124.0,11929.0,94.0,15783.0,94.0
53,Ti,22,5432.0,100.0,13676.0,129.0,4116.0,100.0
53,V,23,8478.0,3.0,9670.0,7.0,9191.0,3.0
53,Cr,24,7939.0,0.0,11132.0,0.0,25656.0,25.0
53,Mn,25,12054.0,1.0,6559.0,0.0,41420.0,7472.0
54,Ca,20,3844.0,65.0,20153.0,121.0,31774.0,48.0
54,Sc,21,3055.0,288.0,11792.0,276.0,21666.0,272.0
54,Ti,22,6862.0,129.0,14004.0,125.0,10632.0,82.0
54,V,23,6113.0,15.0,10351.0,101.0,1883.0,15.0
54,Cr,24,9719.0,0.0,12372.0,3.0,17656.0,4.0
54,Mn,25,8938.0,1.0,7559.0,1.0,34147.0,10572.0
54,Fe,26,13378.0,1.0,8853.0,0.0,49983.0,5163.0
55,Ca,20,1261.0,20637.0,36759.0,4656.0,3651.0,11424.0
55,Sc,21,4339.0,529.0,12287.0,456.0,27553.0,454.0
55,Ti,22,4117.0,181.0,15066.0,317.0,15813.0,161.0
55,V,23,7322.0,96.0,10811.0,125.0,4885.0,95.0
55,Cr,24,6246.0,0.0,12505.0,15.0,9773.0,0.0
55,Mn,25,10226.0,1.0,8066.0,0.0,26077.0,155.0
55,Fe,26,9298.0,0.0,9212.0,1.0,42911.0,7919.0
56,Ca,20,3619.0,21895.0,41387.0,1815.0,3262.0,15042.0
56,Sc,21,2764.0,742.0,13791.0,32059.0,586.0,11019.0
56,Ti,22,5723.0,202.0,16449.0,470.0,21287.0,121.0
56,V,23,5081.0,200.0,11775.0,239.0,9885.0,176.0
56,Cr,24,8246.0,0.0,13429.0,95.0,1377.0,0.0
56,Mn,25,7270.0,0.0,9090.0,0.0,18268.0,14.0
56,Fe,26,11197.0,0.0,10183.0,0.0,35217.0,5661.0
56,Co,27,10081.0,0.0,5848.0,0.0,52651.0,10924.0
57,Sc,21,4214.0,1430.0,14387.0,36490.0,1304.0,8065.0
57,Ti,22,2666.0,283.0,16352.0,640.0,26266.0,256.0
57,V,23,6329.0,194.0,12382.0,145.0,14932.0,80.0
57,Cr,24,5311.0,1.0,13658.0,176.0,3559.0,1.0
57,Mn,25,8646.0,1.0,9490.0,1.0,10177.0,1.0
57,Fe,26,7646.0,0.0,10559.0,0.0,27632.0,8241.0
57,Co,27,11376.0,0.0,6027.0,0.0,44335.0,8846.0
58,Sc,21,1951.0,15291.0,40952.0,9733.0,8339.0,9937.0
58,Ti,22,5266.0,17403.0,31045.0,4453.0,3913.0,7113.0
58,V,23,4059.0,120.0,13775.0,271.0,19445.0,89.0
58,Cr,24,7538.0,1.0,14867.0,80.0,8236.0,1.0
58,Mn,25,6412.0,3.0,10591.0,2.0,4159.0,2.0
58,Fe,26,10044.0,0.0,11957.0,1.0,19856.0,50.0
58,Co,27,8572.0,1.0,6954.0,1.0,36307.0,11470.0
58,Ni,28,12216.0,0.0,8172.0,0.0,53148.0,6522.0
59,Ti,22,2471.0,17923.0,35155.0,6197.0,4206.0,5966.0
59,V,23,5501.0,184.0,14011.0,24397.0,161.0,6794.0
59,Cr,24,4165.0,216.0,14972.0,234.0,13070.0,216.0
59,Mn,25,7769.0,3.0,10822.0,2.0,833.0,2.0
59,Fe,26,6581.0,0.0,12126.0,2.0,13449.0,0.0
59,Co,27,10453.0,1.0,7363.0,0.0,28470.0,8662.0
59,Ni,28,8999.0,0.0,8598.0,1.0,45287.0,8899.0
60,Ti,22,4891.0,19316.0,39083.0,3257.0,3530.0,9809.0
60,V,23,3481.0,273.0,15021.0,28408.0,220.0,8579.0
60,Cr,24,6655.0,290.0,16126.0,252.0,17803.0,193.0
60,Mn,25,5513.0,3.0,12171.0,216.0,5377.0,2.0
60,Fe,26,8819.0,3.0,13176.0,4.0,7238.0,3.0
60,Co,27,7491.0,0.0,8274.0,0.0,22060.0,11215.0
60,Ni,28,11387.0,0.0,9532.0,0.0,37383.0,6084.0
60,Cu,29,10058.0,1.0,4477.0,1.0,52875.0,12594.0
61,Ti,22,2091.0,19587.0,42571.0,4664.0,3390.0,8784.0
61,V,23,5335.0,920.0,15466.0,32391.0,894.0,5714.0
61,Cr,24,3876.0,218.0,16522.0,242.0,21746.0,101.0
61,Mn,25,6845.0,3.0,12361.0,193.0,10241.0,2.0
61,Fe,26,5578.0,4.0,13241.0,3.0,2571.0,16.0
61,Co,27,9319.0,0.0,8774.0,3.0,15763.0,38.0
61,Ni,28,7820.0,0.0,9860.0,0.0,30862.0,8718.0
61,Cu,29,11710.0,1.0,4799.0,0.0,45084.0,9883.0
62,V,23,3041.0,16416.0,35948.0,7564.0,4898.0,9528.0
62,Cr,24,6491.0,179.0,17677.0,906.0,25851.0,148.0
62,Mn,25,4853.0,6.0,13337.0,101.0,14263.0,6.0
62,Fe,26,8028.0,3.0,14424.0,3.0,2289.0,2.0
62,Co,27,6597.0,18.0,9792.0,18.0,9437.0,18.0
62,Ni,28,10595.0,0.0,11137.0,0.0,25006.0,5614.0
62,Cu,29,8874.0,1.0,5854.0,0.0,38467.0,12396.0
63,V,23,4485.0,16679.0,39961.0,5170.0,5304.0,12192.0
63,Cr,24,3183.0,387.0,17820.0,29505.0,358.0,5209.0
63,Mn,25,6434.0,7.0,13281.0,148.0,18692.0,3.0
63,Fe,26,4828.0,5.0,14400.0,7.0,6577.0,4.0
63,Co,27,8498.0,26.0,10262.0,18.0,5304.0,18.0
63,Ni,28,6837.0,0.0,11377.0,18.0,18591.0,37.0
63,Cu,29,10863.0,0.0,6122.0,0.0,32080.0,9352.0
64,V,23,2501.0,17859.0,43473.0,6891.0,4894.0,11605.0
64,Cr,24,5543.0,567.0,18879.0,33619.0,439.0,2707.0
64,Mn,25,4173.0,5.0,14270.0,358.0,22435.0,3.0
64,Fe,26,7405.0,6.0,15371.0,6.0,11034.0,5.0
64,Co,27,6012.0,27.0,11445.0,20.0,959.0,20.0
64,Ni,28,9657.0,0.0,12536.0,18.0,12783.0,3.0
64,Cu,29,7916.0,0.0,7200.0,0.0,25892.0,12032.0
64,Zn,30,11861.0,1.0,7713.0,0.0,39304.0,7494.0
65,Cr,24,2811.0,19189.0,36906.0,4381.0,2121.0,10073.0
65,Mn,25,6049.0,5.0,14776.0,439.0,26296.0,3.0
65,Fe,26,4319.0,7.0,15517.0,6.0,14694.0,5.0
65,Co,27,7464.0,20.0,11504.0,5.0,3472.0,2.0
65,Ni,28,6098.0,0.0,12622.0,20.0,8647.0,2.0
65,Cu,29,9910.0,0.0,7453.0,0.0,20326.0,84.0
65,Zn,30,7979.0,0.0,7776.0,0.0,32892.0,10378.0
66,Cr,24,4572.0,20229.0,41286.0,2311.0,2034.0,13323.0
66,Mn,25,3854.0,11.0,15820.0,29507.0,11.0,7440.0
66,Fe,26,6921.0,6.0,16389.0,5.0,18831.0,4.0
66,Co,27,5294.0,14.0,12479.0,14.0,7315.0,14.0
66,Ni,28,8951.0,1.0,14110.0,2.0,4399.0,2.0
66,Cu,29,7065.0,0.0,8421.0,0.0,14233.0,5.0
66,Zn,30,11058.0,0.0,8924.0,0.0,27239.0,7236.0
67,Cr,24,2032.0,20359.0,45062.0,3810.0,2504.0,12009.0
67,Mn,25,4781.0,16029.0,33859.0,5470.0,4884.0,11494.0
67,Fe,26,3613.0,270.0,16148.0,270.0,22270.0,270.0
67,Co,27,6984.0,15.0,12542.0,7.0,11557.0,6.0
67,Ni,28,5807.0,3.0,14623.0,14.0,1084.0,5.0
67,Cu,29,9132.0,1.0,8602.0,1.0,10732.0,1.0
67,Zn,30,7052.0,0.0,8911.0,0.0,21300.0,67.0
67,Ga,31,11226.0,1.0,5268.0,1.0,34089.0,9743.0
68,Mn,25,2991.0,16989.0,37187.0,7051.0,4704.0,10954.0
68,Fe,26,5948.0,454.0,17316.0,26520.0,365.0,3974.0
68,Co,27,4680.0,189.0,13609.0,330.0,15155.0,189.0
68,Ni,28,7792.0,4.0,15431.0,7.0,3514.0,3.0
68,Cu,29,6318.0,1.0,9113.0,3.0,6672.0,2.0
68,Zn,30,10198.0,0.0,9976.0,0.0,15817.0,0.0
68,Ga,31,8278.0,1.0,6494.0,1.0,28295.0,12523.0
69,Mn,25,4462.0,17260.0,40966.0,4621.0,4814.0,13513.0
69,Fe,26,3614.0,17939.0,29388.0,5141.0,2585.0,8663.0
69,Co,27,6419.0,235.0,14081.0,391.0,19048.0,140.0
69,Ni,28,4586.0,4.0,15336.0,189.0,7122.0,3.0
69,Cu,29,8240.0,2.0,9561.0,3.0,2624.0,32.0
69,Zn,30,6482.0,0.0,10139.0,1.0,11983.0,1.0
69,Ga,31,10313.0,1.0,6609.0,1.0,23068.0,42.0
69,Ge,32,8193.0,2.0,7303.0,1.0,34666.0,10489.0
70,Mn,25,2801.0,18209.0,43476.0,6010.0,4044.0,13203.0
70,Fe,26,5552.0,19029.0,33055.0,2581.0,1814.0,12183.0
70,Co,27,4422.0,14889.0,22280.0,7568.0,3845.0,7523.0
70,Ni,28,7306.0,4.0,16223.0,140.0,11348.0,2.0
70,Cu,29,5311.0,1.0,10286.0,3.0,1365.0,50.0
70,Zn,30,9218.0,2.0,11117.0,2.0,7634.0,2.0
70,Ga,31,7653.0,0.0,7781.0,1.0,17484.0,14.0
70,Ge,32,11532.0,1.0,8523.0,1.0,29462.0,7234.0
71,Fe,26,2991.0,19219.0,35899.0,4052.0,1814.0,10984.0
71,Co,27,5812.0,15149.0,25769.0,465.0,5370.0,3981.0
71,Ni,28,4263.0,3.0,16066.0,14500.0,2.0,5583.0
71,Cu,29,7806.0,1.0,10786.0,2.0,5181.0,4.0
71,Zn,30,5835.0,3.0,11641.0,2.0,4182.0,3.0
71,Ga,31,9300.0,1.0,7863.0,2.0,13636.0,5.0
71,Ge,32,7415.0,0.0,8285.0,1.0,23579.0,128.0
71,As,33,11622.0,50.0,4620.0,4.0,35833.0,9918.0
72,Fe,26,5072.0,20149.0,39715.0,1781.0,1204.0,14204.0
72,Co,27,3901.0,16059.0,28389.0,7021.0,3694.0,9783.0
72,Ni,28,6891.0,3.0,17145.0,465.0,18359.0,2.0
72,Cu,29,5143.0,2.0,11665.0,2.0,8446.0,4.0
72,Zn,30,8888.0,3.0,12723.0,2.0,277.0,2.0
72,Ga,31,6520.0,0.0,8548.0,2.0,9526.0,1.0
72,Ge,32,10750.0,0.0,9735.0,0.0,18645.0,8.0
72,As,33,8408.0,5.0,5612.0,4.0,29900.0,13042.0
73,Co,27,5290.0,16277.0,32281.0,4722.0,3956.0,12272.0
73,Ni,28,3953.0,3.0,17198.0,21189.0,2.0,4972.0
73,Cu,29,7275.0,2.0,12050.0,2.0,11965.0,4.0
73,Zn,30,5519.0,2.0,13099.0,2.0,2633.0,7.0
73,Ga,31,9182.0,1.0,8842.0,2.0,6051.0,7.0
73,Ge,32,6782.0,0.0,9998.0,0.0,14745.0,6.0
73,As,33,10794.0,5.0,5655.0,3.0,24871.0,9664.0
73,Se,34,8430.0,7.0,7286.0,8.0,36277.0,10376.0
74,Co,27,3473.0,17209.0,35229.0,6321.0,3473.0,11604.0
74,Ni,28,6419.0,18327.0,24966.0,2454.0,778.0,11380.0
74,Cu,29,5090.0,6.0,13187.0,6.0,14853.0,6.0
74,Zn,30,8234.0,3.0,14058.0,3.0,6456.0,2.0
74,Ga,31,6421.0,3.0,9745.0,3.0,2761.0,6.0
74,Ge,32,10196.0,0.0,11012.0,1.0,11090.0,2.0
74,As,33,7978.0,4.0,6851.0,1.0,18944.0,3.0
74,Se,34,12057.0,7.0,8549.0,3.0,31386.0,6727.0
75,Co,27,4901.0,17348.0,38815.0,3961.0,3645.0,14103.0
75,Ni,28,3645.0,18499.0,27827.0,4099.0,1034.0,9953.0
75,Cu,29,6536.0,6.0,13304.0,18562.0,2.0,6347.0
75,Zn,30,4873.0,3.0,13841.0,6.0,9610.0,1.0
75,Ga,31,8486.0,3.0,9996.0,3.0,642.0,4.0
75,Ge,32,6505.0,0.0,11096.0,2.0,7533.0,8.0
75,As,33,10245.0,1.0,6900.0,0.0,15815.0,1.0
75,Se,34,8027.0,0.0,8598.0,1.0,25550.0,220.0
75,Br,35,11890.0,7.0,4182.0,4.0,37287.0,9831.0
76,Ni,28,5672.0,19270.0,31583.0,1901.0,652.0,13084.0
76,Cu,29,4575.0,7.0,14235.0,21315.0,6.0,8191.0
76,Zn,30,7815.0,2.0,15120.0,2.0,12948.0,1.0
76,Ga,31,5903.0,3.0,11026.0,2.0,3992.0,9.0
76,Ge,32,9427.0,0.0,12037.0,2.0,4199.0,4.0
76,As,33,7328.0,0.0,7723.0,0.0,11812.0,1.0
76,Se,34,11153.0,0.0,9506.0,0.0,21004.0,34.0
76,Br,35,9253.0,10.0,5408.0,9.0,31809.0,12634.0
77,Ni,28,3241.0,19578.0,34413.0,3561.0,885.0,11563.0
77,Cu,29,5719.0,14283.0,25292.0,6117.0,4696.0,10157.0
77,Zn,30,4557.0,2.0,15102.0,6.0,15810.0,1.0
77,Ga,31,7767.0,3.0,10978.0,2.0,7242.0,3.0
77,Ge,32,6071.0,0.0,12205.0,1.0,1043.0,1.0
77,As,33,9696.0,1.0,7992.0,1.0,9085.0,2.0
77,Se,34,7418.0,0.0,9597.0,0.0,16796.0,7.0
77,Br,35,11017.0,9.0,5271.0,2.0,26796.0,9645.0
77,Kr,36,9227.0,4.0,7169.0,9.0,38130.0,9648.0
78,Cu,29,3945.0,14987.0,28319.0,503.0,7844.0,4396.0
78,Zn,30,6765.0,2.0,16148.0,19542.0,1.0,4203.0
78,Ga,31,5784.0,3.0,12205.0,2.0,9746.0,4.0
78,Ge,32,8720.0,3.0,13158.0,4.0,2316.0,3.0
78,As,33,6971.0,9.0,8893.0,9.0,5881.0,10.0
78,Se,34,10497.0,0.0,10398.0,1.0,13852.0,7.0
78,Br,35,8288.0,4.0,6141.0,3.0,21279.0,12510.0
78,Kr,36,12080.0,1.0,8232.0,2.0,33329.0,6821.0
79,Cu,29,5314.0,15140.0,31896.0,5770.0,4754.0,11583.0
79,Zn,30,4020.0,2.0,16223.0,503.0,22485.0,2.0
79,Ga,31,6913.0,2.0,12353.0,2.0,13520.0,2.0
79,Ge,32,5735.0,37.0,13109.0,37.0,4915.0,37.0
79,As,33,8890.0,11.0,9062.0,6.0,2833.0,5.0
79,Se,34,6962.0,0.0,10389.0,9.0,10440.0,8.0
79,Br,35,10687.0,3.0,6331.0,1.0,18250.0,79.0
79,Kr,36,8335.0,3.0,8279.0,5.0,27672.0,9503.0
79,Rb,37,11938.0,3.0,3913.0,2.0,39153.0,10077.0
80,Cu,29,2531.0,15918.0,36015.0,8401.0,5464.0,9539.0
80,Zn,30,6287.0,3.0,17197.0,26110.0,2.0,3559.0
80,Ga,31,4747.0,3.0,13080.0,3.0,16665.0,3.0
80,Ge,32,8080.0,37.0,14276.0,2.0,8358.0,2.0
80,As,33,6649.0,6.0,9976.0,37.0,39.0,3.0
80,Se,34,9913.0,0.0,11412.0,5.0,7448.0,3.0
80,Br,35,7892.0,0.0,7260.0,1.0,14740.0,6.0
80,Kr,36,11522.0,3.0,9114.0,1.0,23533.0,6269.0
80,Rb,37,9443.0,2.0,5022.0,3.0,33755.0,12713.0
81,Zn,30,2622.0,5.0,17289.0,30189.0,5.0,6251.0
81,Ga,31,6475.0,4.0,13268.0,4.0,20349.0,3.0
81,Ge,32,4827.0,2.0,14356.0,3.0,11404.0,2.0
81,As,33,8390.0,4.0,10286.0,3.0,2923.0,5.0
81,Se,34,6700.0,0.0,11463.0,3.0,4860.0,3.0
81,Br,35,10159.0,1.0,7506.0,1.0,12264.0,5.0
81,Kr,36,7874.0,1.0,9096.0,1.0,20236.0,94.0
81,Rb,37,11352.0,5.0,4852.0,4.0,29096.0,9696.0
81,Sr,38,9287.0,4.0,6641.0,3.0,39778.0,9985.0
82,Zn,30,4185.0,5.0,18183.0,35279.0,3.0,4597.0
82,Ga,31,3374.0,4.0,14020.0,5.0,24567.0,2.0
82,Ge,32,7194.0,3.0,15076.0,3.0,15176.0,2.0
82,As,33,5643.0,4.0,11102.0,4.0,6082.0,4.0
82,Se,34,9276.0,0.0,12349.0,2.0,1583.0,6.0
82,Br,35,7592.0,0.0,8398.0,1.0,9434.0,5.0
82,Kr,36,10966.0,1.0,9903.0,0.0,16960.0,11.0
82,Rb,37,8802.0,5.0,5780.0,3.0,24098.0,12416.0
82,Sr,38,12553.0,6.0,7842.0,7.0,35640.0,6876.0
83,Ga,31,4397.0,3.0,14232.0,4.0,29756.0,4.0
83,Ge,32,3632.0,3.0,15334.0,3.0,19014.0,2.0
83,As,33,7635.0,4.0,11543.0,3.0,9401.0,3.0
83,Se,34,5817.0,3.0,12524.0,4.0,1457.0,7.0
83,Br,35,9586.0,3.0,8708.0,3.0,6808.0,19.0
83,Kr,36,7470.0,0.0,9780.0,0.0,14078.0,6.0
83,Rb,37,10954.0,3.0,5767.0,2.0,21514.0,150.0
83,Sr,38,8858.0,9.0,7898.0,7.0,30458.0,9369.0
83,Y,39,12212.0,19.0,3484.0,19.0,40886.0,10033.0
84,Ga,31,2902.0,15087.0,33695.0,8937.0,6976.0,7021.0
84,Ge,32,5243.0,3.0,16180.0,4.0,24290.0,3.0
84,As,33,4255.0,4.0,12166.0,3.0,13905.0,3.0
84,Se,34,8678.0,3.0,13567.0,3.0,4701.0,2.0
84,Br,35,6840.0,26.0,9731.0,25.0,3888.0,26.0
84,Kr,36,10520.0,0.0,10714.0,3.0,11017.0,5.0
84,Rb,37,8759.0,3.0,7057.0,2.0,18540.0,13.0
84,Sr,38,11923.0,6.0,8867.0,2.0,26479.0,6249.0
84,Y,39,9760.0,19.0,4385.0,8.0,36194.0,12826.0
85,Ga,31,3833.0,15209.0,38726.0,7152.0,7329.0,8883.0
85,Ge,32,3046.0,4.0,16325.0,28356.0,4.0,6844.0
85,As,33,5406.0,4.0,12329.0,4.0,18978.0,3.0
85,Se,34,4537.0,3.0,13849.0,4.0,8689.0,3.0
85,Br,35,8863.0,25.0,9916.0,3.0,733.0,19.0
85,Kr,36,7112.0,2.0,10986.0,25.0,8305.0,6.0
85,Rb,37,10479.0,2.0,7016.0,0.0,15887.0,4.0
85,Sr,38,8525.0,3.0,8633.0,3.0,23593.0,16.0
85,Y,39,12019.0,19.0,4481.0,19.0,31992.0,9666.0
85,Zr,40,9824.0,8.0,6569.0,7.0,42225.0,9741.0
86,Ge,32,4347.0,437.0,16840.0,33865.0,437.0,5398.0
86,As,33,3844.0,4.0,13127.0,5.0,23784.0,3.0
86,Se,34,6160.0,3.0,14602.0,3.0,14019.0,2.0
86,Br,35,5128.0,4.0,10507.0,4.0,3650.0,14.0
86,Kr,36,9856.0,2.0,11979.0,3.0,5296.0,3.0
86,Rb,37,8650.0,0.0,8555.0,2.0,13612.0,5.0
86,Sr,38,11491.0,2.0,9644.0,0.0,20412.0,3.0
86,Y,39,9512.0,23.0,5468.0,14.0,27713.0,12077.0
86,Zr,40,12865.0,7.0,7415.0,19.0,38199.0,6636.0
87,Ge,32,2750.0,17288.0,36631.0,6482.0,4873.0,6502.0
87,As,33,4727.0,4.0,13506.0,437.0,28979.0,2.0
87,Se,34,3994.0,3.0,14752.0,4.0,18453.0,2.0
87,Br,35,6330.0,4.0,10677.0,4.0,9126.0,3.0
87,Kr,36,5515.0,0.0,12366.0,3.0,1362.0,4.0
87,Rb,37,9922.0,0.0,8621.0,0.0,10723.0,6.0
87,Sr,38,8428.0,0.0,9422.0,0.0,17995.0,2.0
87,Y,39,11806.0,14.0,5784.0,1.0,25328.0,4.0
87,Zr,40,9449.0,5.0,7353.0,14.0,33827.0,9205.0
88,As,33,3173.0,13931.0,31889.0,9391.0,7268.0,5224.0
88,Se,34,5529.0,4.0,15555.0,4.0,24037.0,3.0
88,Br,35,4895.0,4.0,11578.0,3.0,13583.0,3.0
88,Kr,36,7053.0,2.0,13088.0,4.0,3937.0,6.0
88,Rb,37,6082.0,0.0,9188.0,0.0,6435.0,58.0
88,Sr,38,11112.0,0.0,10612.0,0.0,15235.0,3.0
88,Y,39,9351.0,1.0,6707.0,1.0,22617.0,149.0
88,Zr,40,12353.0,6.0,7899.0,5.0,29289.0,6365.0
88,Nb,41,10370.0,59.0,4115.0,58.0,39313.0,12506.0
89,As,33,4150.0,13949.0,34914.0,7991.0,7466.0,7072.0
89,Se,34,3179.0,5.0,15562.0,27216.0,3.0,7336.0
89,Br,35,5629.0,4.0,11679.0,4.0,19434.0,3.0
89,Kr,36,4915.0,3.0,13108.0,3.0,8339.0,3.0
89,Rb,37,7174.0,5.0,9310.0,6.0,1087.0,24.0
89,Sr,38,6358.0,0.0,10888.0,0.0,11194.0,3.0
89,Y,39,11480.0,2.0,7075.0,1.0,20313.0,4.0
89,Zr,40,9318.0,6.0,7865.0,3.0,26615.0,8853.0
89,Nb,41,12522.0,63.0,4285.0,24.0,34765.0,9432.0
90,As,33,2603.0,14890.0,38034.0,9518.0,7612.0,6434.0
90,Se,34,4879.0,329.0,16291.0,30147.0,329.0,5630.0
90,Br,35,3797.0,4.0,12296.0,5.0,22493.0,3.0
90,Kr,36,6494.0,2.0,13973.0,3.0,13813.0,1.0
90,Rb,37,5723.0,8.0,10117.0,6.0,3297.0,7.0
90,Sr,38,7810.0,2.0,11524.0,5.0,5775.0,4.0
90,Y,39,6857.0,0.0,7574.0,1.0,15769.0,1.0
90,Zr,40,11968.0,3.0,8353.0,1.0,23888.0,3.0
90,Nb,41,10107.0,23.0,5074.0,4.0,30962.0,11678.0
90,Mo,42,13228.0,5.0,6836.0,23.0,40463.0,6711.0
91,Se,34,2851.0,544.0,16539.0,33071.0,433.0,6929.0
91,Br,35,5178.0,4.0,12596.0,329.0,25244.0,3.0
91,Kr,36,4086.0,2.0,14262.0,4.0,16921.0,2.0
91,Rb,37,6451.0,10.0,10074.0,8.0,8892.0,8.0
91,Sr,38,5775.0,5.0,11576.0,8.0,1443.0,8.0
91,Y,39,7928.0,2.0,7692.0,2.0,10364.0,3.0
91,Zr,40,7194.0,0.0,8690.0,1.0,19655.0,2.0
91,Nb,41,12047.0,4.0,5154.0,2.0,28068.0,8948.0
91,Mo,42,10107.0,7.0,6836.0,7.0,36279.0,9127.0
92,Se,34,4215.0,17116.0,36144.0,5317.0,4939.0,7348.0
92,Br,35,3196.0,7.0,12941.0,433.0,28583.0,11.0
92,Kr,36,5866.0,3.0,14951.0,4.0,19689.0,2.0
92,Rb,37,5098.0,9.0,11087.0,6.0,11680.0,6.0
92,Sr,38,7286.0,6.0,12411.0,8.0,3941.0,3.0
92,Y,39,6536.0,9.0,8453.0,10.0,5890.0,9.0
92,Zr,40,8634.0,0.0,9396.0,1.0,14157.0,2.0
92,Nb,41,7886.0,3.0,5846.0,1.0,23454.0,4.0
92,Mo,42,12671.0,6.0,7459.0,2.0,32229.0,6563.0
92,Tc,43,11010.0,3.0,4005.0,6.0,41795.0,11957.0
93,Br,35,4728.0,430.0,13455.0,31336.0,430.0,8400.0
93,Kr,36,3437.0,3.0,15192.0,7.0,22986.0,2.0
93,Rb,37,5918.0,9.0,11139.0,8.0,14592.0,7.0
93,Sr,38,5289.0,8.0,12602.0,9.0,6721.0,7.0
93,Y,39,7481.0,13.0,8648.0,11.0,621.0,10.0
93,Zr,40,6734.0,0.0,9594.0,9.0,9905.0,2.0
93,Nb,41,8830.0,1.0,6042.0,1.0,18201.0,3.0
93,Mo,42,8069.0,0.0,7642.0,1.0,27806.0,10541.0
93,Tc,43,12751.0,3.0,4086.0,1.0,37339.0,9313.0
94,Br,35,2581.0,13973.0,34951.0,10035.0,8044.0,4857.0
94,Kr,36,5283.0,12.0,15746.0,430.0,25921.0,12.0
94,Rb,37,4014.0,8.0,11715.0,3.0,17806.0,2.0
94,Sr,38,6831.0,7.0,13514.0,8.0,9568.0,1.0
94,Y,39,6195.0,12.0,9554.0,9.0,1806.0,7.0
94,Zr,40,8218.0,0.0,10331.0,10.0,4685.0,3.0
94,Nb,41,7227.0,0.0,6536.0,1.0,13461.0,3.0
94,Mo,42,9678.0,0.0,8490.0,1.0,22311.0,4.0
94,Tc,43,8623.0,4.0,4640.0,4.0,31749.0,13361.0
94,Ru,44,13438.0,3.0,6266.0,3.0,42444.0,7052.0
95,Br,35,4442.0,14257.0,37438.0,7656.0,7817.0,7143.0
95,Kr,36,2882.0,22.0,16048.0,29501.0,18.0,7442.0
95,Rb,37,5400.0,20.0,11832.0,23.0,20894.0,20.0
95,Sr,38,4345.0,6.0,13845.0,6.0,12592.0,5.0
95,Y,39,6928.0,9.0,9652.0,6.0,4812.0,8.0
95,Zr,40,6461.0,0.0,10597.0,6.0,2202.0,9.0
95,Nb,41,8488.0,1.0,6805.0,0.0,8445.0,3.0
95,Mo,42,7369.0,0.0,8631.0,1.0,17745.0,3.0
95,Tc,43,9934.0,6.0,4896.0,5.0,26424.0,11496.0
95,Ru,44,8945.0,10.0,6588.0,10.0,36827.0,10859.0
96,Kr,36,4992.0,27.0,16598.0,32359.0,20.0,5031.0
96,Rb,37,3534.0,20.0,12484.0,18.0,24248.0,3.0
96,Sr,38,5875.0,10.0,14321.0,21.0,15870.0,8.0
96,Y,39,5198.0,9.0,10505.0,8.0,7485.0,7.0
96,Zr,40,7850.0,0.0,11518.0,6.0,641.0,0.0
96,Nb,41,6887.0,0.0,7231.0,0.0,5915.0,10.0
96,Mo,42,9154.0,0.0,9297.0,0.0,12611.0,4.0
96,Tc,43,7871.0,7.0,5398.0,5.0,21310.0,90.0
96,Ru,44,10693.0,9.0,7348.0,5.0,30507.0,8788.0
96,Rh,45,9418.0,10.0,3518.0,13.0,41797.0,13606.0
97,Kr,36,2415.0,132.0,16549.0,35519.0,130.0,7058.0
97,Rb,37,5236.0,3.0,12728.0,20.0,27086.0,4.0
97,Sr,38,3728.0,9.0,14516.0,4.0,18963.0,3.0
97,Y,39,5856.0,9.0,10486.0,10.0,11103.0,7.0
97,Zr,40,5575.0,0.0,11895.0,6.0,3177.0,2.0
97,Nb,41,8074.0,4.0,7455.0,4.0,3008.0,35.0
97,Mo,42,6821.0,0.0,9230.0,0.0,9738.0,4.0
97,Tc,43,9474.0,6.0,5718.0,4.0,16398.0,110.0
97,Ru,44,8111.0,2.0,7587.0,5.0,25667.0,10611.0
97,Rh,45,10981.0,36.0,3806.0,35.0,35408.0,11571.0
98,Kr,36,4959.0,17545.0,36976.0,4563.0,4324.0,8205.0
98,Rb,37,3921.0,16.0,14234.0,131.0,29155.0,16.0
98,Sr,38,5912.0,4.0,15192.0,3.0,21692.0,3.0
98,Y,39,4244.0,10.0,11002.0,8.0,14137.0,8.0
98,Zr,40,6415.0,8.0,12454.0,10.0,6938.0,10.0
98,Nb,41,5990.0,6.0,7870.0,5.0,349.0,12.0
98,Mo,42,8642.0,0.0,9799.0,4.0,6795.0,4.0
98,Tc,43,7279.0,5.0,6176.0,3.0,13365.0,33.0
98,Ru,44,10175.0,7.0,8289.0,7.0,20588.0,52.0
98,Rh,45,8648.0,37.0,4343.0,12.0,29279.0,13615.0
99,Rb,37,4823.0,16.0,14099.0,31214.0,12.0,7013.0
99,Sr,38,4169.0,5.0,15441.0,16.0,23448.0,4.0
99,Y,39,6426.0,10.0,11515.0,7.0,16678.0,6.0
99,Zr,40,4405.0,13.0,12614.0,13.0,10004.0,10.0
99,Nb,41,6882.0,13.0,8337.0,14.0,3245.0,13.0
99,Mo,42,5925.0,0.0,9734.0,5.0,3787.0,4.0
99,Tc,43,8966.0,3.0,6500.0,0.0,10615.0,6.0
99,Ru,44,7471.0,6.0,8482.0,3.0,17694.0,1.0
99,Rh,45,10477.0,13.0,4645.0,9.0,24205.0,11250.0
99,Pd,46,8932.0,6.0,6296.0,12.0,34239.0,11125.0
100,Rb,37,3197.0,19.0,14777.0,33550.0,21.0,8775.0
100,Sr,38,5370.0,8.0,15988.0,8.0,26372.0,7.0
100,Y,39,4748.0,12.0,12094.0,12.0,18693.0,11.0
100,Zr,40,6828.0,13.0,13016.0,10.0,12849.0,8.0
100,Nb,41,5533.0,14.0,9465.0,13.0,5793.0,19.0
100,Mo,42,8294.0,0.0,11146.0,12.0,980.0,17.0
100,Tc,43,6764.0,1.0,7339.0,1.0,7882.0,5.0
100,Ru,44,9673.0,0.0,9188.0,0.0,15032.0,1.0
100,Rh,45,8081.0,19.0,5254.0,18.0,21278.0,183.0
100,Pd,46,11101.0,18.0,6920.0,18.0,27929.0,302.0
101,Rb,37,4669.0,15082.0,36047.0,6625.0,6330.0,8948.0
101,Sr,38,3575.0,11.0,16366.0,21.0,28195.0,8.0
101,Y,39,5804.0,13.0,12529.0,10.0,21283.0,25.0
101,Zr,40,4859.0,11.0,13127.0,13.0,14792.0,8.0
101,Nb,41,7165.0,8.0,9803.0,8.0,8520.0,6.0
101,Mo,42,5398.0,0.0,11011.0,7.0,1912.0,4.0
101,Tc,43,8394.0,24.0,7440.0,24.0,5010.0,24.0
101,Ru,44,6802.0,0.0,9226.0,1.0,12121.0,1.0
101,Rh,45,9892.0,19.0,5474.0,5.0,18799.0,10923.0
101,Pd,46,8290.0,18.0,7129.0,18.0,25126.0,300.0
102,Sr,38,4905.0,67.0,16603.0,31406.0,67.0,4798.0
102,Y,39,4183.0,8.0,13137.0,9.0,23399.0,10.0
102,Zr,40,6493.0,12.0,13815.0,11.0,17518.0,8.0
102,Nb,41,5484.0,4.0,10427.0,8.0,10478.0,6.0
102,Mo,42,8117.0,8.0,11963.0,9.0,4337.0,8.0
102,Tc,43,6299.0,25.0,8341.0,9.0,2326.0,12.0
102,Ru,44,9219.0,0.0,10050.0,24.0,9446.0,1.0
102,Rh,45,7442.0,8.0,6114.0,6.0,16088.0,7.0
102,Pd,46,10542.0,4.0,7779.0,5.0,22968.0,100.0
103,Sr,38,3334.0,17004.0,33538.0,6133.0,3689.0,6724.0
103,Y,39,5355.0,11.0,13587.0,68.0,26146.0,14.0
103,Zr,40,4298.0,12.0,13931.0,10.0,19451.0,9.0
103,Nb,41,6795.0,4.0,10729.0,9.0,13003.0,4.0
103,Mo,42,5465.0,12.0,11945.0,9.0,6496.0,9.0
103,Tc,43,8102.0,13.0,8326.0,12.0,198.0,10.0
103,Ru,44,6232.0,0.0,9983.0,9.0,6615.0,1.0
103,Rh,45,9319.0,6.0,6214.0,2.0,13399.0,9.0
103,Pd,46,7625.0,0.0,7962.0,6.0,20484.0,70.0
103,Ag,47,10627.0,9.0,4188.0,4.0,28624.0,11340.0
104,Sr,38,4755.0,17787.0,36244.0,4311.0,3603.0,9332.0
104,Y,39,3678.0,13931.0,28440.0,8806.0,6125.0,5573.0
104,Zr,40,5980.0,13.0,14555.0,14.0,22371.0,9.0
104,Nb,41,4861.0,4.0,11292.0,9.0,15140.0,3.0
104,Mo,42,7460.0,12.0,12610.0,9.0,9045.0,9.0
104,Tc,43,5970.0,26.0,8831.0,26.0,2613.0,25.0
104,Ru,44,8899.0,2.0,10780.0,9.0,4127.0,3.0
104,Rh,45,6998.0,0.0,6981.0,2.0,10776.0,6.0
104,Pd,46,10009.0,1.0,8652.0,2.0,17768.0,5.0
104,Ag,47,8385.0,5.0,4948.0,4.0,25942.0,122.0
105,Y,39,5278.0,14453.0,31019.0,1337.0,6863.0,5753.0
105,Zr,40,3811.0,15.0,14690.0,24469.0,12.0,7703.0
105,Nb,41,6167.0,4.0,11480.0,10.0,17935.0,4.0
105,Mo,42,5058.0,12.0,12807.0,9.0,11080.0,9.0
105,Tc,43,7857.0,43.0,9229.0,36.0,4780.0,35.0
105,Ru,44,5910.0,0.0,10720.0,24.0,1600.0,2.0
105,Rh,45,8963.0,3.0,7044.0,2.0,8210.0,10.0
105,Pd,46,7094.0,0.0,8747.0,2.0,15079.0,4.0
105,Ag,47,10025.0,6.0,4964.0,4.0,23055.0,22.0
105,Cd,48,8436.0,2.0,6506.0,4.0,31522.0,300.0
106,Y,39,2854.0,14732.0,33723.0,8764.0,6233.0,6798.0
106,Zr,40,5156.0,433.0,14568.0,1405.0,27773.0,433.0
106,Nb,41,4359.0,5.0,12027.0,12.0,20159.0,6.0
106,Mo,42,6868.0,12.0,13507.0,9.0,13773.0,9.0
106,Tc,43,5557.0,37.0,9728.0,15.0,7166.0,12.0
106,Ru,44,8460.0,5.0,11322.0,35.0,808.0,5.0
106,Rh,45,6582.0,5.0,7717.0,5.0,5754.0,13.0
106,Pd,46,9560.0,0.0,9345.0,2.0,12553.0,5.0
106,Ag,47,7942.0,5.0,5813.0,2.0,20469.0,8.0
106,Cd,48,10869.0,1.0,7350.0,4.0,28912.0,100.0
107,Zr,40,3901.0,1203.0,15616.0,29482.0,1122.0,7601.0
107,Nb,41,5591.0,9.0,12462.0,433.0,23139.0,14.0
107,Mo,42,4488.0,12.0,13637.0,10.0,15821.0,9.0
107,Tc,43,7045.0,14.0,9904.0,12.0,9656.0,8.0
107,Ru,44,5610.0,9.0,11375.0,14.0,3127.0,8.0
107,Rh,45,8572.0,13.0,7829.0,13.0,3299.0,16.0
107,Pd,46,6536.0,0.0,9298.0,5.0,9860.0,5.0
107,Ag,47,9535.0,3.0,5788.0,2.0,17753.0,4.0
107,Cd,48,7929.0,1.0,7336.0,3.0,26450.0,70.0
107,In,49,11027.0,16.0,3721.0,11.0,34135.0,11480.0
108,Zr,40,5045.0,16278.0,32308.0,5411.0,4781.0,7096.0
108,Nb,41,3893.0,11.0,12455.0,1122.0,25485.0,16.0
108,Mo,42,6275.0,13.0,14321.0,12.0,18768.0,9.0
108,Tc,43,5244.0,11.0,10660.0,12.0,11683.0,9.0
108,Ru,44,7870.0,11.0,12200.0,11.0,5591.0,8.0
108,Rh,45,6239.0,18.0,8458.0,16.0,911.0,16.0
108,Pd,46,9222.0,1.0,9949.0,12.0,7454.0,5.0
108,Ag,47,7271.0,0.0,6523.0,2.0,15161.0,5.0
108,Cd,48,10333.0,2.0,8134.0,2.0,23470.0,5.0
108,In,49,8626.0,14.0,4418.0,8.0,31470.0,132.0
109,Zr,40,2911.0,16185.0,34546.0,6882.0,4724.0,5756.0
109,Nb,41,5215.0,258.0,12625.0,28309.0,258.0,8400.0
109,Mo,42,3981.0,14.0,14409.0,13.0,20940.0,11.0
109,Tc,43,6431.0,12.0,10815.0,13.0,14436.0,9.0
109,Ru,44,5148.0,11.0,12104.0,11.0,7765.0,9.0
109,Rh,45,8039.0,14.0,8627.0,9.0,1490.0,5.0
109,Pd,46,6153.0,0.0,9863.0,14.0,4976.0,8.0
109,Ag,47,9183.0,2.0,6484.0,1.0,12468.0,5.0
109,Cd,48,7323.0,1.0,8186.0,2.0,20788.0,4.0
109,In,49,10441.0,9.0,4526.0,3.0,28817.0,7.0
109,Sn,50,8631.0,9.0,5799.0,11.0,36460.0,300.0
110,Zr,40,4765.0,16975.0,37187.0,5122.0,4342.0,8340.0
110,Nb,41,3691.0,877.0,13406.0,30518.0,838.0,9754.0
110,Mo,42,5947.0,26.0,15141.0,259.0,23788.0,24.0
110,Tc,43,4823.0,13.0,11657.0,14.0,16422.0,9.0
110,Ru,44,7405.0,12.0,13078.0,12.0,10275.0,8.0
110,Rh,45,5900.0,18.0,9379.0,19.0,3641.0,21.0
110,Pd,46,8795.0,1.0,10620.0,4.0,2488.0,13.0
110,Ag,47,6809.0,0.0,7139.0,1.0,10007.0,6.0
110,Cd,48,9914.0,1.0,8917.0,1.0,18118.0,6.0
110,In,49,8051.0,12.0,5254.0,11.0,26005.0,51.0
110,Sn,50,11283.0,15.0,6641.0,14.0,33919.0,101.0
111,Nb,41,4637.0,13278.0,33429.0,8028.0,7342.0,5932.0
111,Mo,42,3468.0,27.0,14918.0,838.0,26046.0,12.0
111,Tc,43,6061.0,13.0,11771.0,26.0,19190.0,10.0
111,Ru,44,4784.0,12.0,13039.0,13.0,12466.0,9.0
111,Rh,45,7547.0,19.0,9520.0,11.0,6087.0,7.0
111,Pd,46,5726.0,0.0,10446.0,17.0,47.0,5.0
111,Ag,47,8829.0,1.0,7173.0,1.0,7378.0,8.0
111,Cd,48,6975.0,0.0,9083.0,1.0,15664.0,6.0
111,In,49,9993.0,12.0,5333.0,3.0,23438.0,5.0
111,Sn,50,8167.0,14.0,6757.0,12.0,31543.0,86.0
111,Sb,51,11458.0,10.0,2283.0,16.0,38016.0,12504.0
112,Nb,41,3470.0,14003.0,35458.0,9323.0,6783.0,5427.0
112,Mo,42,5595.0,15877.0,28858.0,5557.0,4090.0,5625.0
112,Tc,43,4305.0,11.0,12608.0,13.0,21324.0,6.0
112,Ru,44,6916.0,13.0,13895.0,13.0,14944.0,9.0
112,Rh,45,5498.0,44.0,10235.0,45.0,8258.0,44.0
112,Pd,46,8406.0,6.0,11306.0,9.0,2333.0,6.0
112,Ag,47,6439.0,2.0,7886.0,2.0,4984.0,17.0
112,Cd,48,9393.0,0.0,9648.0,1.0,13007.0,8.0
112,In,49,7669.0,5.0,6026.0,4.0,20926.0,11.0
112,Sn,50,10787.0,5.0,7551.0,3.0,28628.0,8.0
112,Sb,51,8833.0,19.0,2949.0,18.0,35308.0,88.0
113,Mo,42,3097.0,15505.0,31101.0,7097.0,4684.0,3957.0
113,Tc,43,5623.0,6.0,12637.0,24215.0,16.0,7839.0
113,Ru,44,4308.0,37.0,13898.0,37.0,17175.0,36.0
113,Rh,45,7107.0,44.0,10425.0,11.0,10599.0,7.0
113,Pd,46,5340.0,9.0,11148.0,44.0,4737.0,7.0
113,Ag,47,8514.0,16.0,7994.0,17.0,2609.0,23.0
113,Cd,48,6539.0,0.0,9748.0,2.0,10696.0,27.0
113,In,49,9448.0,4.0,6081.0,0.0,18247.0,8.0
113,Sn,50,7744.0,1.0,7626.0,4.0,26124.0,7.0
113,Sb,51,10889.0,24.0,3050.0,17.0,32652.0,19.0
113,Te,52,8850.0,29.0,4037.0,33.0,38563.0,13200.0
114,Mo,42,5389.0,16585.0,33684.0,5178.0,3933.0,6601.0
114,Tc,43,3860.0,433.0,13400.0,26330.0,433.0,9574.0
114,Ru,44,6425.0,37.0,14699.0,4.0,19793.0,3.0
114,Rh,45,5014.0,71.0,11131.0,80.0,12859.0,71.0
114,Pd,46,7971.0,9.0,12012.0,9.0,7068.0,6.0
114,Ag,47,5975.0,17.0,8628.0,8.0,434.0,22.0
114,Cd,48,9042.0,0.0,10277.0,16.0,8126.0,27.0
114,In,49,7274.0,0.0,6815.0,0.0,15774.0,12715.0
114,Sn,50,10302.0,1.0,8481.0,0.0,23473.0,11.0
114,Sb,51,8150.0,27.0,3457.0,21.0,29814.0,74.0
114,Te,52,11612.0,39.0,4760.0,32.0,35983.0,106.0
115,Mo,42,3013.0,16650.0,35677.0,6473.0,4389.0,5292.0
115,Tc,43,5791.0,900.0,13802.0,28662.0,789.0,6881.0
115,Ru,44,4039.0,88.0,14878.0,442.0,21894.0,88.0
115,Rh,45,6590.0,71.0,11296.0,8.0,15306.0,7.0
115,Pd,46,5006.0,15.0,12004.0,72.0,9607.0,13.0
115,Ag,47,8123.0,18.0,8780.0,19.0,2020.0,24.0
115,Cd,48,6140.0,0.0,10442.0,4.0,6021.0,27.0
115,In,49,9037.0,0.0,6810.0,0.0,13198.0,28.0
115,Sn,50,7545.0,0.0,8753.0,0.0,21377.0,12.0
115,Sb,51,10578.0,27.0,3732.0,16.0,27304.0,12035.0
115,Te,52,8245.0,39.0,4855.0,35.0,33043.0,13065.0
116,Tc,43,3207.0,13996.0,31087.0,9062.0,5898.0,5299.0
116,Ru,44,5950.0,88.0,15037.0,789.0,24643.0,3.0
116,Rh,45,4577.0,74.0,11835.0,115.0,17513.0,73.0
116,Pd,46,7476.0,15.0,12890.0,10.0,11694.0,7.0
116,Ag,47,5631.0,18.0,9405.0,13.0,4279.0,6.0
116,Cd,48,8699.0,0.0,11018.0,18.0,3443.0,27.0
116,In,49,6784.0,0.0,7454.0,0.0,10757.0,96.0
116,Sn,50,9563.0,0.0,9278.0,0.0,18479.0,13.0
116,Sb,51,7890.0,16.0,4077.0,5.0,24780.0,14448.0
116,Te,52,11277.0,39.0,5554.0,32.0,30689.0,9938.0
116,I,53,9225.0,100.0,2718.0,100.0,36847.0,15107.0
117,Tc,43,4997.0,14171.0,33800.0,7078.0,6289.0,7348.0
117,Ru,44,3492.0,433.0,15323.0,26928.0,433.0,7540.0
117,Rh,45,6232.0,74.0,12117.0,9.0,20045.0,10.0
117,Pd,46,4664.0,10.0,12977.0,74.0,13973.0,7.0
117,Ag,47,7710.0,13.0,9639.0,15.0,6457.0,15.0
117,Cd,48,5777.0,1.0,11164.0,3.0,1322.0,13.0
117,In,49,8764.0,4.0,7519.0,4.0,8506.0,26.0
117,Sn,50,6943.0,0.0,9436.0,0.0,16212.0,10.0
117,Sb,51,9888.0,9.0,4402.0,8.0,22146.0,62.0
117,Te,52,7897.0,31.0,5562.0,14.0,27637.0,250.0
117,I,53,11015.0,100.0,2456.0,38.0,33965.0,12337.0
118,Tc,43,3479.0,14909.0,35764.0,8421.0,5823.0,6789.0
118,Ru,44,5841.0,16167.0,29442.0,4907.0,3924.0,6864.0
118,Rh,45,4061.0,25.0,12686.0,433.0,22340.0,25.0
118,Pd,46,7035.0,7.0,13780.0,9.0,16264.0,2.0
118,Ag,47,5443.0,13.0,10418.0,7.0,8442.0,3.0
118,Cd,48,8354.0,20.0,11808.0,24.0,994.0,27.0
118,In,49,6356.0,6.0,8098.0,7.0,6257.0,21.0
118,Sn,50,9326.0,0.0,9998.0,4.0,13573.0,10.0
118,Sb,51,7427.0,8.0,4887.0,2.0,19586.0,13.0
118,Te,52,10672.0,22.0,6346.0,20.0,25342.0,9836.0
118,I,53,8606.0,32.0,3164.0,23.0,31411.0,15008.0
119,Ru,44,3376.0,16064.0,31413.0,6528.0,3756.0,5418.0
119,Rh,45,6006.0,25.0,12852.0,24876.0,11.0,7377.0
119,Pd,46,4090.0,8.0,13809.0,25.0,18657.0,8.0
119,Ag,47,7163.0,14.0,10545.0,14.0,10828.0,16.0
119,Cd,48,5346.0,42.0,11712.0,37.0,3204.0,38.0
119,In,49,8542.0,8.0,8286.0,21.0,3933.0,28.0
119,Sn,50,6483.0,0.0,10125.0,7.0,11270.0,10.0
119,Sb,51,9549.0,8.0,5110.0,7.0,17169.0,15.0
119,Te,52,7555.0,20.0,6473.0,8.0,22591.0,200.0
119,I,53,10865.0,34.0,3357.0,33.0,28976.0,12040.0
119,Xe,54,8786.0,14.0,5112.0,22.0,34854.0,12352.0
120,Ru,44,5519.0,16930.0,33945.0,4488.0,3234.0,8196.0
120,Rh,45,4063.0,13539.0,26914.0,9156.0,5539.0,4786.0
120,Pd,46,6943.0,8.0,14746.0,9.0,20818.0,2.0
120,Ag,47,5077.0,15.0,11532.0,9.0,12766.0,8.0
120,Cd,48,8051.0,37.0,12600.0,15.0,5410.0,4.0
120,In,49,6100.0,40.0,9040.0,54.0,1975.0,42.0
120,Sn,50,9104.0,1.0,10688.0,7.0,8925.0,11.0
120,Sb,51,7014.0,10.0,5641.0,7.0,14529.0,12.0
120,Te,52,10258.0,8.0,7182.0,8.0,20479.0,300.0
120,I,53,8058.0,31.0,3860.0,17.0,26183.0,14654.0
120,Xe,54,11449.0,15.0,5695.0,30.0,32572.0,9509.0
121,Ru,44,3106.0,16818.0,36027.0,6035.0,3607.0,6770.0
121,Rh,45,5507.0,13527.0,29585.0,620.0,7025.0,5874.0
121,Pd,46,3973.0,4.0,14657.0,23014.0,3.0,7351.0
121,Ag,47,6822.0,12.0,11411.0,12.0,15197.0,12.0
121,Cd,48,5187.0,4.0,12711.0,4.0,7471.0,25.0
121,In,49,8178.0,48.0,9167.0,27.0,415.0,27.0
121,Sn,50,6170.0,0.0,10757.0,40.0,6716.0,10.0
121,Sb,51,9253.0,7.0,5790.0,2.0,12497.0,14.0
121,Te,52,7248.0,25.0,7416.0,26.0,17800.0,144.0
121,I,53,10569.0,15.0,4172.0,4.0,24061.0,11640.0
121,Xe,54,8379.0,15.0,6016.0,18.0,29791.0,11995.0
121,Cs,55,11285.0,17.0,2218.0,18.0,35681.0,12402.0
122,Rh,45,3901.0,14322.0,31493.0,8643.0,5348.0,6062.0
122,Pd,46,6505.0,19.0,15655.0,619.0,25325.0,19.0
122,Ag,47,4774.0,40.0,12212.0,38.0,17229.0,38.0
122,Cd,48,7609.0,3.0,13498.0,12.0,9702.0,2.0
122,In,49,5808.0,56.0,9787.0,50.0,2507.0,50.0
122,Sn,50,8815.0,2.0,11394.0,27.0,4586.0,11.0
122,Sb,51,6806.0,0.0,6427.0,2.0,10190.0,33.0
122,Te,52,9840.0,25.0,8003.0,2.0,15705.0,27.0
122,I,53,7900.0,7.0,4823.0,26.0,21537.0,13998.0
122,Xe,54,10945.0,15.0,6392.0,12.0,27481.0,9108.0
122,Cs,55,9113.0,36.0,2952.0,35.0,33365.0,14738.0
123,Rh,45,5351.0,14499.0,34070.0,6398.0,5516.0,8196.0
123,Pd,46,3884.0,789.0,15639.0,27386.0,789.0,6531.0
123,Ag,47,6513.0,49.0,12220.0,36.0,19675.0,30.0
123,Cd,48,4873.0,3.0,13597.0,38.0,11757.0,3.0
123,In,49,7928.0,53.0,10106.0,19.0,4513.0,20.0
123,Sn,50,5946.0,1.0,11532.0,50.0,2567.0,9.0
123,Sb,51,8960.0,2.0,6571.0,2.0,8180.0,12.0
123,Te,52,6929.0,0.0,8125.0,2.0,13517.0,12.0
123,I,53,9934.0,6.0,4918.0,3.0,19293.0,11312.0
123,Xe,54,7965.0,14.0,6457.0,10.0,24962.0,11713.0
123,Cs,55,10970.0,35.0,2977.0,16.0,30814.0,12148.0
124,Rh,45,3601.0,15099.0,35981.0,7971.0,5021.0,7463.0
124,Pd,46,6031.0,16319.0,29844.0,4401.0,2724.0,7696.0
124,Ag,47,4723.0,253.0,13059.0,828.0,21420.0,251.0
124,Cd,48,7358.0,4.0,14442.0,30.0,13823.0,3.0
124,In,49,5511.0,36.0,10744.0,30.0,6495.0,30.0
124,Sn,50,8489.0,2.0,12092.0,19.0,572.0,2.0
124,Sb,51,6467.0,0.0,7093.0,2.0,5888.0,8.0
124,Te,52,9424.0,0.0,8590.0,0.0,11435.0,12.0
124,I,53,7493.0,3.0,5482.0,1.0,17107.0,56.0
124,Xe,54,10484.0,9.0,7006.0,4.0,22746.0,9129.0
124,Cs,55,8759.0,14.0,3771.0,12.0,28580.0,14334.0
124,Ba,56,11506.0,17.0,5335.0,17.0,34564.0,9765.0
125,Pd,46,3801.0,16519.0,31777.0,5951.0,2824.0,6323.0
125,Ag,47,6391.0,500.0,13419.0,23736.0,433.0,6620.0
125,Cd,48,4717.0,4.0,14436.0,251.0,15674.0,3.0
125,In,49,7677.0,40.0,11064.0,27.0,8360.0,27.0
125,Sn,50,5733.0,0.0,12315.0,30.0,1297.0,2.0
125,Sb,51,8707.0,2.0,7311.0,2.0,4168.0,8.0
125,Te,52,6568.0,0.0,8691.0,0.0,9354.0,11.0
125,I,53,9542.0,1.0,5600.0,0.0,15077.0,26.0
125,Xe,54,7603.0,0.0,7116.0,2.0,20536.0,11461.0
125,Cs,55,10427.0,11.0,3715.0,7.0,26148.0,11871.0
125,Ba,56,8650.0,16.0,5226.0,13.0,32070.0,12085.0
126,Pd,46,5812.0,17149.0,34155.0,3740.0,2364.0,9134.0
126,Ag,47,4232.0,13849.0,25713.0,8420.0,4613.0,5674.0
126,Cd,48,6980.0,3.0,15025.0,433.0,17808.0,2.0
126,In,49,5367.0,38.0,11713.0,27.0,10138.0,27.0
126,Sn,50,8190.0,10.0,12827.0,28.0,3131.0,11.0
126,Sb,51,6208.0,31.0,7785.0,31.0,2042.0,33.0
126,Te,52,9113.0,0.0,9098.0,2.0,7395.0,12.0
126,I,53,7145.0,3.0,6177.0,3.0,12937.0,90.0
126,Xe,54,10024.0,3.0,7598.0,3.0,18326.0,28.0
126,Cs,55,8334.0,12.0,4446.0,10.0,24027.0,14021.0
126,Ba,56,11072.0,16.0,5870.0,14.0,29677.0,9772.0
126,La,57,9285.0,94.0,2593.0,91.0,35623.0,14827.0
127,Pd,46,3391.0,17169.0,36291.0,5531.0,2574.0,7573.0
127,Ag,47,5831.0,13869.0,28259.0,6391.0,4814.0,7904.0
127,Cd,48,4561.0,12.0,15356.0,19534.0,12.0,6483.0
127,In,49,7194.0,34.0,11928.0,21.0,12087.0,21.0
127,Sn,50,5526.0,14.0,12986.0,28.0,4850.0,10.0
127,Sb,51,8377.0,32.0,7973.0,11.0,459.0,7.0
127,Te,52,6287.0,0.0,9177.0,31.0,5463.0,11.0
127,I,53,9143.0,2.0,6207.0,3.0,11087.0,26.0
127,Xe,54,7245.0,5.0,7699.0,3.0,16342.0,29.0
127,Cs,55,9960.0,11.0,4382.0,6.0,21697.0,11664.0
127,Ba,56,8219.0,16.0,5756.0,15.0,27282.0,11980.0
127,La,57,10993.0,94.0,2515.0,28.0,33110.0,12483.0
128,Ag,47,4251.0,14729.0,30010.0,7951.0,4364.0,6973.0
128,Cd,48,6565.0,14.0,16091.0,21751.0,7.0,4149.0
128,In,49,5321.0,154.0,12687.0,153.0,13592.0,153.0
128,Sn,50,7962.0,20.0,13754.0,27.0,6498.0,17.0
128,Sb,51,6002.0,19.0,8448.0,21.0,1301.0,19.0
128,Te,52,8783.0,1.0,9583.0,5.0,3615.0,5.0
128,I,53,6826.0,0.0,6746.0,3.0,9113.0,54.0
128,Xe,54,9610.0,4.0,8165.0,3.0,14326.0,27.0
128,Cs,55,7762.0,7.0,4898.0,6.0,19600.0,30.0
128,Ba,56,10631.0,12.0,6427.0,7.0,25064.0,9683.0
128,La,57,8800.0,60.0,3096.0,55.0,30840.0,14755.0
128,Ce,58,11625.0,40.0,4926.0,38.0,36864.0,10150.0
129,Ag,47,5431.0,14779.0,32649.0,5911.0,4744.0,9034.0
129,Cd,48,3887.0,18.0,15727.0,23946.0,16.0,6093.0
129,In,49,6763.0,153.0,12884.0,7.0,15669.0,4.0
129,Sn,50,5300.0,24.0,13733.0,154.0,8105.0,17.0
129,Sb,51,8070.0,28.0,8556.0,27.0,2869.0,21.0
129,Te,52,6082.0,0.0,9663.0,19.0,1941.0,10.0
129,I,53,8839.0,4.0,6802.0,3.0,7182.0,21.0
129,Xe,54,6907.0,1.0,8246.0,3.0,12408.0,27.0
129,Cs,55,9638.0,7.0,4927.0,4.0,17725.0,30.0
129,Ba,56,7756.0,11.0,6420.0,11.0,22748.0,11887.0
129,La,57,10770.0,58.0,3235.0,21.0,28444.0,12204.0
129,Ce,58,8824.0,39.0,4951.0,61.0,34287.0,12319.0
130,Ag,47,1789.0,15376.0,36588.0,9503.0,6347.0,6021.0
130,Cd,48,6130.0,27.0,16426.0,26235.0,22.0,4213.0
130,In,49,5116.0,38.0,14114.0,41.0,17052.0,38.0
130,Sn,50,7612.0,17.0,14583.0,3.0,9748.0,1.0
130,Sb,51,5727.0,25.0,8983.0,22.0,4614.0,16.0
130,Te,52,8419.0,0.0,10012.0,21.0,91.0,2.0
130,I,53,6500.0,0.0,7220.0,3.0,5308.0,26.0
130,Xe,54,9255.0,0.0,8662.0,3.0,10457.0,27.0
130,Cs,55,7471.0,9.0,5492.0,8.0,15724.0,64.0
130,Ba,56,10269.0,10.0,7051.0,5.0,20665.0,28.0
130,La,57,8374.0,33.0,3853.0,28.0,26231.0,14461.0
130,Ce,58,11206.0,39.0,5387.0,35.0,31917.0,9913.0
130,Pr,59,9473.0,70.0,2176.0,70.0,37492.0,15069.0
131,Cd,48,2172.0,104.0,16811.0,29992.0,102.0,7472.0
131,In,49,6213.0,38.0,14196.0,22.0,19417.0,2.0
131,Sn,50,5203.0,4.0,14670.0,38.0,11148.0,3.0
131,Sb,51,7767.0,14.0,9138.0,2.0,6077.0,5.0
131,Te,52,5929.0,0.0,10214.0,14.0,1472.0,2.0
131,I,53,8577.0,3.0,7378.0,0.0,3673.0,27.0
131,Xe,54,6604.0,0.0,8766.0,3.0,8705.0,32.0
131,Cs,55,9230.0,9.0,5467.0,4.0,13758.0,47.0
131,Ba,56,7493.0,0.0,7072.0,8.0,18915.0,27.0
131,La,57,10213.0,38.0,3796.0,28.0,24109.0,12004.0
131,Ce,58,8356.0,43.0,5370.0,41.0,29575.0,12326.0
131,Pr,59,11196.0,79.0,2166.0,54.0,35031.0,12697.0
132,Cd,48,3116.0,17172.0,34925.0,6145.0,6581.0,7007.0
132,In,49,2457.0,60.0,14481.0,118.0,23291.0,60.0
132,Sn,50,7353.0,4.0,15810.0,3.0,12732.0,1.0
132,Sb,51,5725.0,3.0,9659.0,4.0,7517.0,2.0
132,Te,52,8048.0,3.0,10495.0,4.0,3246.0,3.0
132,I,53,6332.0,4.0,7781.0,4.0,1979.0,36.0
132,Xe,54,8936.0,0.0,9125.0,0.0,6808.0,20.0
132,Cs,55,7165.0,5.0,6028.0,1.0,11925.0,28.0
132,Ba,56,9822.0,2.0,7665.0,5.0,17009.0,24.0
132,La,57,8025.0,45.0,4328.0,36.0,22096.0,14248.0
132,Ce,58,10833.0,38.0,5990.0,34.0,27392.0,9867.0
132,Pr,59,8998.0,55.0,2807.0,43.0,33027.0,14906.0
133,In,49,3124.0,14489.0,28394.0,8466.0,8518.0,6120.0
133,Sn,50,2398.0,2.0,15751.0,60.0,16769.0,3.0
133,Sb,51,7359.0,3.0,9665.0,3.0,9147.0,3.0
133,Te,52,5820.0,4.0,10590.0,3.0,4616.0,2.0
133,I,53,8226.0,7.0,7959.0,7.0,363.0,28.0
133,Xe,54,6435.0,2.0,9229.0,4.0,5225.0,16.0
133,Cs,55,8989.0,1.0,6080.0,0.0,10133.0,12.0
133,Ba,56,7189.0,0.0,7689.0,1.0,15221.0,46.0
133,La,57,9842.0,45.0,4348.0,27.0,20086.0,57.0
133,Ce,58,8018.0,26.0,5983.0,39.0,25187.0,12061.0
133,Pr,59,10781.0,31.0,2755.0,23.0,30702.0,12481.0
133,Nd,60,8977.0,52.0,4393.0,54.0,36473.0,12679.0
134,In,49,2268.0,15030.0,32383.0,9314.0,8422.0,5634.0
134,Sn,50,3631.0,3.0,16259.0,21692.0,3.0,6688.0
134,Sb,51,3168.0,3.0,10435.0,2.0,12870.0,1.0
134,Te,52,7667.0,3.0,10899.0,4.0,6416.0,2.0
134,I,53,6256.0,8.0,8395.0,5.0,1175.0,20.0
134,Xe,54,8553.0,2.0,9556.0,6.0,3292.0,20.0
134,Cs,55,6891.0,0.0,6536.0,2.0,8363.0,20.0
134,Ba,56,9467.0,1.0,8167.0,0.0,13303.0,11.0
134,La,57,7795.0,34.0,4954.0,19.0,18479.0,61.0
134,Ce,58,10485.0,26.0,6627.0,34.0,23457.0,9601.0
134,Pr,59,8661.0,23.0,3398.0,26.0,28600.0,14653.0
134,Nd,60,11385.0,48.0,4997.0,17.0,34344.0,10291.0
135,In,49,2939.0,14897.0,37251.0,8103.0,8599.0,7092.0
135,Sn,50,2269.0,4.0,16261.0,25780.0,4.0,7542.0
135,Sb,51,3741.0,3.0,10545.0,4.0,17891.0,2.0
135,Te,52,3266.0,3.0,10997.0,2.0,10121.0,1.0
135,I,53,7807.0,5.0,8534.0,3.0,2864.0,9.0
135,Xe,54,6358.0,3.0,9658.0,6.0,1796.0,10.0
135,Cs,55,8761.0,0.0,6744.0,0.0,6645.0,11.0
135,Ba,56,6971.0,0.0,8248.0,0.0,11636.0,19.0
135,La,57,9495.0,22.0,4982.0,9.0,16591.0,76.0
135,Ce,58,7854.0,22.0,6686.0,22.0,21758.0,154.0
135,Pr,59,10479.0,23.0,3391.0,23.0,26788.0,12193.0
135,Nd,60,8638.0,22.0,4974.0,27.0,31823.0,12434.0
135,Pm,61,11384.0,95.0,1694.0,76.0,37227.0,12991.0
136,Sn,50,3338.0,16660.0,30530.0,6473.0,6429.0,6333.0
136,Sb,51,2887.0,6.0,11163.0,6.0,21831.0,6.0
136,Te,52,4767.0,2.0,12023.0,3.0,14461.0,2.0
136,I,53,3837.0,14.0,9105.0,14.0,6492.0,55.0
136,Xe,54,8087.0,3.0,9938.0,2.0,79.0,0.0
136,Cs,55,6828.0,2.0,7214.0,4.0,4998.0,11.0
136,Ba,56,9107.0,0.0,8594.0,1.0,9687.0,11.0
136,La,57,7465.0,54.0,5475.0,53.0,14867.0,87.0
136,Ce,58,9963.0,10.0,7154.0,9.0,19697.0,12.0
136,Pr,59,8475.0,16.0,4013.0,15.0,25097.0,14203.0
136,Nd,60,11056.0,22.0,5552.0,16.0,30110.0,10039.0
136,Pm,61,9189.0,102.0,2245.0,71.0,35040.0,15187.0
137,Sn,50,1961.0,16568.0,32595.0,7451.0,6736.0,5222.0
137,Sb,51,3624.0,52.0,11450.0,26485.0,52.0,11282.0
137,Te,52,2949.0,3.0,12085.0,6.0,18417.0,2.0
137,I,53,4882.0,16.0,9219.0,8.0,10784.0,8.0
137,Xe,54,4025.0,0.0,10127.0,14.0,3535.0,0.0
137,Cs,55,8278.0,1.0,7405.0,0.0,3343.0,8.0
137,Ba,56,6905.0,0.0,8671.0,1.0,8136.0,11.0
137,La,57,9174.0,53.0,5542.0,1.0,13067.0,13.0
137,Ce,58,7481.0,0.0,7170.0,53.0,17892.0,42.0
137,Pr,59,9932.0,14.0,3982.0,8.0,23055.0,9.0
137,Nd,60,8456.0,16.0,5533.0,16.0,28371.0,12062.0
137,Pm,61,10974.0,70.0,2162.0,17.0,33106.0,12851.0
138,Sb,51,2231.0,1065.0,11721.0,28666.0,1064.0,12389.0
138,Te,52,4463.0,4.0,12924.0,52.0,22565.0,3.0
138,I,53,3694.0,10.0,9965.0,6.0,14539.0,6.0
138,Xe,54,5660.0,2.0,10904.0,8.0,7598.0,5.0
138,Cs,55,4412.0,9.0,7792.0,9.0,246.0,14.0
138,Ba,56,8611.0,0.0,9005.0,0.0,6243.0,11.0
138,La,57,7449.0,3.0,6086.0,3.0,11578.0,27.0
138,Ce,58,9723.0,4.0,7719.0,5.0,16073.0,12.0
138,Pr,59,8003.0,13.0,4504.0,11.0,21384.0,30.0
138,Nd,60,10505.0,16.0,6105.0,14.0,26218.0,10032.0
138,Pm,61,8938.0,30.0,2644.0,30.0,31272.0,14969.0
138,Sm,62,11542.0,44.0,4713.0,17.0,36567.0,10382.0
139,Sb,51,3639.0,12217.0,30913.0,10711.0,10975.0,3632.0
139,Te,52,2580.0,5.0,13273.0,1064.0,24708.0,3.0
139,I,53,4562.0,7.0,10063.0,5.0,18755.0,4.0
139,Xe,54,3743.0,3.0,10953.0,6.0,11303.0,7.0
139,Cs,55,5885.0,9.0,8017.0,4.0,4117.0,8.0
139,Ba,56,4723.0,0.0,9315.0,9.0,2899.0,27.0
139,La,57,8778.0,2.0,6253.0,2.0,9725.0,13.0
139,Ce,58,7448.0,8.0,7717.0,7.0,14567.0,13.0
139,Pr,59,9756.0,13.0,4536.0,8.0,19420.0,15.0
139,Nd,60,8066.0,29.0,6168.0,29.0,24382.0,11898.0
139,Pm,61,10631.0,30.0,2771.0,17.0,29370.0,12794.0
139,Sm,62,8953.0,16.0,4728.0,29.0,34739.0,12403.0
140,Sb,51,2222.0,12788.0,33112.0,11633.0,10714.0,3252.0
140,Te,52,4442.0,62.0,14077.0,26693.0,62.0,8354.0
140,I,53,3206.0,12.0,10690.0,12.0,20709.0,12.0
140,Xe,54,5413.0,3.0,11804.0,4.0,15089.0,2.0
140,Cs,55,4420.0,8.0,8694.0,8.0,7637.0,10.0
140,Ba,56,6426.0,7.0,9857.0,8.0,989.0,8.0
140,La,57,5160.0,0.0,6691.0,2.0,6102.0,24.0
140,Ce,58,9199.0,7.0,8138.0,1.0,12620.0,12.0
140,Pr,59,7940.0,9.0,5029.0,9.0,17702.0,51.0
140,Nd,60,10316.0,27.0,6729.0,8.0,22476.0,28.0
140,Pm,61,8784.0,27.0,3488.0,36.0,27731.0,800.0
140,Sm,62,11147.0,16.0,5244.0,18.0,32626.0,10195.0
140,Eu,63,9659.0,53.0,1894.0,52.0,37727.0,15222.0
141,Te,52,1982.0,13837.0,29246.0,10012.0,8597.0,20.0
141,I,53,4391.0,19.0,10639.0,64.0,23004.0,16.0
141,Xe,54,3282.0,3.0,11880.0,12.0,17235.0,3.0
141,Cs,55,5498.0,12.0,8780.0,9.0,11538.0,9.0
141,Ba,56,4534.0,9.0,9971.0,9.0,4460.0,6.0
141,La,57,6687.0,4.0,6951.0,8.0,2408.0,14.0
141,Ce,58,5428.0,0.0,8406.0,1.0,9499.0,8.0
141,Pr,59,9398.0,6.0,5228.0,1.0,16090.0,12.0
141,Nd,60,8005.0,4.0,6793.0,6.0,20968.0,20.0
141,Pm,61,10380.0,27.0,3552.0,14.0,25982.0,106.0
141,Sm,62,8549.0,15.0,5009.0,25.0,30552.0,12277.0
141,Eu,63,11011.0,53.0,1758.0,17.0,35561.0,13165.0
142,Te,52,3954.0,14549.0,31472.0,8280.0,8283.0,2283.0
142,I,53,2914.0,374.0,11572.0,25254.0,374.0,12517.0
142,Xe,54,5103.0,3.0,12591.0,16.0,19303.0,3.0
142,Cs,55,4108.0,11.0,9606.0,7.0,13272.0,7.0
142,Ba,56,6180.0,7.0,10653.0,10.0,8107.0,6.0
142,La,57,5163.0,7.0,7580.0,8.0,1117.0,24.0
142,Ce,58,7171.0,2.0,8890.0,4.0,5546.0,3.0
142,Pr,59,5843.0,0.0,5643.0,1.0,12474.0,30.0
142,Nd,60,9828.0,3.0,7223.0,1.0,18990.0,27.0
142,Pm,61,8690.0,27.0,4238.0,23.0,24582.0,700.0
142,Sm,62,11123.0,8.0,5752.0,14.0,28867.0,9938.0
142,Eu,63,9459.0,32.0,2668.0,31.0,34063.0,14853.0
142,Gd,64,11806.0,34.0,4322.0,30.0,38930.0,10737.0
143,I,53,3932.0,11550.0,27541.0,10567.0,10810.0,1045.0
143,Xe,54,3044.0,5.0,12721.0,374.0,21403.0,5.0
143,Cs,55,5232.0,10.0,9734.0,8.0,15392.0,7.0
143,Ba,56,4166.0,8.0,10711.0,9.0,10065.0,6.0
143,La,57,6218.0,9.0,7618.0,9.0,4789.0,7.0
143,Ce,58,5144.0,0.0,8871.0,5.0,2089.0,3.0
143,Pr,59,7352.0,1.0,5824.0,1.0,8826.0,11.0
143,Nd,60,6123.0,0.0,7503.0,1.0,15770.0,200.0
143,Pm,61,9889.0,23.0,4299.0,2.0,22541.0,51.0
143,Sm,62,8602.0,3.0,5664.0,23.0,27348.0,13.0
143,Eu,63,10999.0,32.0,2543.0,11.0,32194.0,12403.0
143,Gd,64,9343.0,202.0,4206.0,202.0,36971.0,12405.0
144,I,53,2721.0,12291.0,29570.0,11801.0,10071.0,524.0
144,Xe,54,4740.0,7.0,13531.0,23559.0,6.0,8608.0
144,Cs,55,3667.0,21.0,10357.0,20.0,17479.0,20.0
144,Ba,56,5901.0,9.0,11380.0,10.0,11980.0,7.0
144,La,57,4749.0,14.0,8201.0,14.0,6566.0,13.0
144,Ce,58,6896.0,3.0,9549.0,7.0,1533.0,2.0
144,Pr,59,5753.0,2.0,6432.0,3.0,5131.0,11.0
144,Nd,60,7817.0,0.0,7968.0,1.0,11988.0,27.0
144,Pm,61,6526.0,1.0,4702.0,2.0,19047.0,28.0
144,Sm,62,10519.0,2.0,6293.0,2.0,25395.0,7.0
144,Eu,63,9449.0,15.0,3390.0,11.0,31009.0,13.0
144,Gd,64,11599.0,202.0,4807.0,30.0,35152.0,10264.0
144,Tb,65,10020.0,58.0,1425.0,202.0,40109.0,15302.0
145,Xe,54,2692.0,12.0,13502.0,25573.0,35.0,9848.0
145,Cs,55,4854.0,21.0,10471.0,10.0,19571.0,11.0
145,Ba,56,3820.0,11.0,11533.0,21.0,13915.0,8.0
145,La,57,6056.0,17.0,8357.0,14.0,8432.0,12.0
145,Ce,58,4706.0,33.0,9506.0,36.0,3584.0,33.0
145,Pr,59,6946.0,7.0,6483.0,7.0,1634.0,7.0
145,Nd,60,5755.0,0.0,7970.0,2.0,8505.0,19.0
145,Pm,61,7922.0,1.0,4808.0,2.0,14879.0,109.0
145,Sm,62,6757.0,0.0,6524.0,2.0,22408.0,6.0
145,Eu,63,10443.0,11.0,3314.0,2.0,28871.0,8.0
145,Gd,64,9238.0,34.0,4596.0,22.0,33686.0,12025.0
145,Tb,65,12091.0,112.0,1917.0,112.0,38806.0,12553.0
146,Xe,54,4532.0,26.0,14305.0,27680.0,29.0,8036.0
146,Cs,55,3327.0,9.0,11106.0,11.0,21370.0,34.0
146,Ba,56,5502.0,22.0,12181.0,22.0,15978.0,20.0
146,La,57,4286.0,35.0,8823.0,34.0,10404.0,33.0
146,Ce,58,6639.0,37.0,10089.0,20.0,5360.0,16.0
146,Pr,59,5126.0,35.0,6902.0,48.0,436.0,35.0
146,Nd,60,7565.0,0.0,8588.0,7.0,4840.0,3.0
146,Pm,61,6258.0,4.0,5311.0,4.0,11690.0,45.0
146,Sm,62,8416.0,2.0,7017.0,3.0,18441.0,7.0
146,Eu,63,7197.0,6.0,3755.0,5.0,25879.0,8.0
146,Gd,64,11230.0,20.0,5383.0,4.0,31763.0,7.0
146,Tb,65,9446.0,118.0,2126.0,49.0,36708.0,14706.0
147,Cs,55,4681.0,8.0,11254.0,25.0,23524.0,17.0
147,Ba,56,3388.0,28.0,12242.0,19.0,17882.0,19.0
147,La,57,5699.0,35.0,9020.0,23.0,12363.0,10.0
147,Ce,58,4449.0,18.0,10252.0,34.0,7252.0,8.0
147,Pr,59,6834.0,38.0,7097.0,22.0,2100.0,16.0
147,Nd,60,5292.0,0.0,8754.0,34.0,2789.0,1.0
147,Pm,61,7659.0,4.0,5405.0,0.0,8299.0,8.0
147,Sm,62,6341.0,2.0,7101.0,4.0,15070.0,8.0
147,Eu,63,8498.0,6.0,3837.0,3.0,21787.0,5.0
147,Gd,64,7342.0,4.0,5528.0,6.0,28749.0,38.0
147,Tb,65,11050.0,45.0,1945.0,8.0,34768.0,10.0
148,Cs,55,3062.0,15.0,11840.0,25624.0,19.0,11754.0
148,Ba,56,5401.0,66.0,12962.0,63.0,19814.0,63.0
148,La,57,4101.0,22.0,9733.0,27.0,14156.0,20.0
148,Ce,58,6455.0,14.0,11008.0,15.0,8937.0,11.0
148,Pr,59,5162.0,21.0,7810.0,17.0,3763.0,18.0
148,Nd,60,7332.0,1.0,9252.0,15.0,1138.0,1.0
148,Pm,61,5894.0,5.0,6007.0,5.0,6328.0,13.0
148,Sm,62,8141.0,0.0,7582.0,0.0,11476.0,8.0
148,Eu,63,6825.0,10.0,4321.0,10.0,18308.0,84.0
148,Gd,64,8983.0,1.0,6013.0,2.0,24790.0,10.0
148,Tb,65,7865.0,14.0,2469.0,12.0,31772.0,16.0
148,Dy,66,11734.0,12.0,4405.0,11.0,37529.0,10614.0
149,Ba,56,3597.0,442.0,13498.0,438.0,21255.0,437.0
149,La,57,5582.0,201.0,9915.0,209.0,15844.0,200.0
149,Ce,58,4342.0,15.0,11250.0,22.0,10465.0,10.0
149,Pr,59,6575.0,17.0,7929.0,14.0,5401.0,10.0
149,Nd,60,5038.0,0.0,9129.0,15.0,751.0,3.0
149,Pm,61,7269.0,5.0,5945.0,2.0,4575.0,3.0
149,Sm,62,5870.0,0.0,7558.0,5.0,9439.0,9.0
149,Eu,63,8213.0,10.0,4393.0,3.0,14794.0,12.0
149,Gd,64,6929.0,3.0,6116.0,10.0,21385.0,28.0
149,Tb,65,9022.0,12.0,2508.0,3.0,27606.0,14579.0
149,Dy,66,7907.0,12.0,4447.0,15.0,34497.0,13757.0
150,Ba,56,4851.0,13939.0,23780.0,7722.0,6884.0,1894.0
150,La,57,3981.0,479.0,10298.0,617.0,17467.0,435.0
150,Ce,58,6248.0,15.0,11915.0,200.0,12204.0,11.0
150,Pr,59,5332.0,13.0,8919.0,13.0,6491.0,10.0
150,Nd,60,7375.0,1.0,9929.0,9.0,2084.0,6.0
150,Pm,61,5604.0,20.0,6510.0,20.0,2491.0,21.0
150,Sm,62,7986.0,0.0,8275.0,1.0,7741.0,4.0
150,Eu,63,6422.0,7.0,4945.0,6.0,12846.0,15.0
150,Gd,64,8708.0,6.0,6611.0,7.0,17932.0,18.0
150,Tb,65,7688.0,8.0,3267.0,7.0,24615.0,15874.0
150,Dy,66,9685.0,10.0,5109.0,5.0,30671.0,11938.0
150,Ho,67,8370.0,18.0,1538.0,16.0,37306.0,16624.0
151,Ba,56,3111.0,14059.0,26003.0,9021.0,6835.0,693.0
151,La,57,5251.0,615.0,10699.0,20075.0,435.0,10520.0
151,Ce,58,4449.0,21.0,12384.0,435.0,13351.0,17.0
151,Pr,59,6550.0,14.0,9221.0,16.0,7873.0,11.0
151,Nd,60,5334.0,0.0,9931.0,9.0,3245.0,2.0
151,Pm,61,7860.0,20.0,6995.0,4.0,1762.0,5.0
151,Sm,62,5596.0,0.0,8268.0,20.0,5823.0,3.0
151,Eu,63,7931.0,6.0,4890.0,0.0,11030.0,8.0
151,Gd,64,6496.0,6.0,6685.0,6.0,15922.0,16.0
151,Tb,65,8589.0,8.0,3148.0,7.0,20850.0,19.0
151,Dy,66,7514.0,5.0,4935.0,7.0,27210.0,300.0
151,Ho,67,9748.0,16.0,1602.0,8.0,33514.0,14783.0
152,La,57,4051.0,11639.0,21964.0,11321.0,8694.0,393.0
152,Ce,58,5827.0,12959.0,15782.0,7860.0,6104.0,214.0
152,Pr,59,5049.0,21.0,9821.0,25.0,9130.0,18.0
152,Nd,60,7277.0,24.0,10658.0,27.0,4557.0,24.0
152,Pm,61,5939.0,26.0,7600.0,25.0,537.0,47.0
152,Sm,62,8257.0,0.0,8665.0,4.0,4644.0,4.0
152,Eu,63,6306.0,0.0,5600.0,0.0,9283.0,12.0
152,Gd,64,8589.0,2.0,7343.0,0.0,14206.0,8.0
152,Tb,65,7164.0,40.0,3817.0,40.0,18996.0,67.0
152,Dy,66,9436.0,5.0,5783.0,5.0,23847.0,149.0
152,Ho,67,8053.0,15.0,2141.0,12.0,30183.0,16415.0
153,La,57,4841.0,11638.0,24588.0,9591.0,8705.0,2243.0
153,Ce,58,4001.0,12909.0,17650.0,9111.0,6084.0,637.0
153,Pr,59,5881.0,22.0,9877.0,11798.0,11.0,10367.0
153,Nd,60,5252.0,24.0,10861.0,18.0,5552.0,3.0
153,Pm,61,7464.0,27.0,7787.0,26.0,665.0,9.0
153,Sm,62,5868.0,0.0,8594.0,25.0,3416.0,3.0
153,Eu,63,8550.0,0.0,5893.0,0.0,8355.0,5.0
153,Gd,64,6246.0,0.0,7283.0,0.0,12413.0,9.0
153,Tb,65,8667.0,40.0,3895.0,3.0,17340.0,12.0
153,Dy,66,7096.0,5.0,5715.0,40.0,21935.0,13191.0
153,Ho,67,9478.0,13.0,2183.0,6.0,26639.0,150.0
153,Er,68,8039.0,12.0,4152.0,15.0,33168.0,13864.0
154,La,57,3541.0,12349.0,26982.0,10892.0,8274.0,1654.0
154,Ce,58,5381.0,13449.0,20236.0,7781.0,5955.0,1633.0
154,Pr,59,4607.0,113.0,10484.0,13633.0,113.0,11586.0
154,Nd,60,6566.0,52.0,11545.0,53.0,7880.0,52.0
154,Pm,61,5935.0,47.0,8470.0,46.0,1644.0,64.0
154,Sm,62,7966.0,0.0,9096.0,9.0,2061.0,7.0
154,Eu,63,6442.0,0.0,6467.0,0.0,7098.0,8.0
154,Gd,64,8894.0,0.0,7627.0,0.0,11100.0,4.0
154,Tb,65,6914.0,45.0,4562.0,45.0,15729.0,47.0
154,Dy,66,9322.0,8.0,6369.0,8.0,20461.0,18.0
154,Ho,67,7698.0,9.0,2785.0,9.0,24924.0,16189.0
154,Er,68,10207.0,10.0,4881.0,6.0,29935.0,11710.0
155,La,57,4472.0,12399.0,29009.0,9250.0,8644.0,3354.0
155,Ce,58,3632.0,13539.0,22411.0,8990.0,6374.0,423.0
155,Pr,59,5381.0,114.0,10485.0,16402.0,17.0,10205.0
155,Nd,60,4530.0,53.0,11467.0,113.0,9786.0,9.0
155,Pm,61,6499.0,46.0,8403.0,52.0,4310.0,10.0
155,Sm,62,5806.0,0.0,8967.0,46.0,1035.0,9.0
155,Eu,63,8151.0,0.0,6651.0,1.0,5778.0,17.0
155,Gd,64,6435.0,0.0,7620.0,0.0,9860.0,6.0
155,Tb,65,9165.0,46.0,4833.0,9.0,14624.0,13.0
155,Dy,66,6832.0,12.0,6288.0,46.0,18652.0,19.0
155,Ho,67,9471.0,19.0,2934.0,18.0,23494.0,25.0
155,Er,68,7675.0,7.0,4858.0,10.0,28039.0,13513.0
155,Tm,69,10270.0,17.0,1309.0,10.0,32698.0,14553.0
156,Ce,58,5111.0,14178.0,24541.0,7421.0,6104.0,2704.0
156,Pr,59,4224.0,11076.0,18515.0,11363.0,8206.0,138.0
156,Nd,60,6261.0,200.0,12347.0,200.0,12061.0,200.0
156,Pm,61,5295.0,5.0,9168.0,9.0,5927.0,5.0
156,Sm,62,7240.0,8.0,9709.0,9.0,1168.0,8.0
156,Eu,63,6335.0,3.0,7180.0,3.0,4603.0,60.0
156,Gd,64,8536.0,0.0,8005.0,0.0,8323.0,24.0
156,Tb,65,6912.0,10.0,5309.0,3.0,13256.0,14.0
156,Dy,66,9444.0,9.0,6567.0,9.0,17263.0,9.0
156,Ho,67,7510.0,62.0,3612.0,60.0,21779.0,80.0
156,Er,68,10073.0,25.0,5461.0,30.0,26394.0,151.0
156,Tm,69,8279.0,17.0,1914.0,15.0,30973.0,16481.0
157,Ce,58,3182.0,14169.0,26747.0,8711.0,6463.0,1464.0
157,Pr,59,5044.0,11009.0,20919.0,9951.0,8543.0,1364.0
157,Nd,60,4059.0,201.0,12183.0,14361.0,24.0,9664.0
157,Pm,61,6204.0,7.0,9112.0,200.0,8466.0,7.0
157,Sm,62,5388.0,9.0,9802.0,5.0,2746.0,6.0
157,Eu,63,7447.0,5.0,7387.0,9.0,2626.0,23.0
157,Gd,64,6359.0,0.0,8029.0,3.0,7409.0,26.0
157,Tb,65,8743.0,3.0,5517.0,0.0,12054.0,27.0
157,Dy,66,6966.0,5.0,6622.0,6.0,16002.0,12.0
157,Ho,67,9425.0,64.0,3592.0,23.0,20392.0,26.0
157,Er,68,7273.0,36.0,5223.0,65.0,24510.0,13336.0
157,Tm,69,9946.0,31.0,1786.0,37.0,29115.0,152.0
157,Yb,70,8227.0,13.0,3876.0,17.0,33952.0,13914.0
158,Pr,59,3861.0,11688.0,22925.0,11201.0,8314.0,753.0
158,Nd,60,5664.0,12803.0,16635.0,8224.0,6225.0,628.0
158,Pm,61,4863.0,15.0,9916.0,28.0,10381.0,13.0
158,Sm,62,6643.0,6.0,10242.0,8.0,5157.0,5.0
158,Eu,63,5867.0,11.0,7866.0,11.0,1067.0,28.0
158,Gd,64,7937.0,0.0,8519.0,4.0,5385.0,25.0
158,Tb,65,6778.0,1.0,5936.0,0.0,10767.0,25.0
158,Dy,66,9054.0,5.0,6932.0,2.0,14397.0,8.0
158,Ho,67,7426.0,35.0,4052.0,27.0,18975.0,31.0
158,Er,68,9961.0,36.0,5759.0,34.0,23201.0,30.0
158,Tm,69,8065.0,37.0,2578.0,36.0,27537.0,16219.0
158,Yb,70,10659.0,13.0,4589.0,29.0,32378.0,11535.0
159,Pr,59,4830.0,11717.0,24955.0,9553.0,8596.0,2391.0
159,Nd,60,3824.0,12766.0,18754.0,9444.0,6625.0,659.0
159,Pm,61,5536.0,16.0,9789.0,12978.0,10.0,10618.0
159,Sm,62,5028.0,7.0,10407.0,14.0,6959.0,6.0
159,Eu,63,6859.0,11.0,8082.0,6.0,1286.0,5.0
159,Gd,64,5943.0,0.0,8595.0,10.0,4000.0,3.0
159,Tb,65,8133.0,0.0,6131.0,0.0,8961.0,27.0
159,Dy,66,6831.0,2.0,6985.0,1.0,13328.0,17.0
159,Ho,67,9213.0,27.0,4211.0,3.0,17620.0,37.0
159,Er,68,7328.0,25.0,5662.0,27.0,21708.0,17.0
159,Tm,69,9938.0,37.0,2555.0,37.0,26131.0,34.0
159,Yb,70,7899.0,19.0,4424.0,30.0,30544.0,13581.0
159,Lu,71,10567.0,40.0,987.0,38.0,34964.0,14424.0
160,Nd,60,5398.0,13334.0,20808.0,7907.0,6271.0,1557.0
160,Pm,61,4519.0,10484.0,14834.0,11763.0,8324.0,1185.0
160,Sm,62,6098.0,8.0,10969.0,11.0,9437.0,5.0
160,Eu,63,5508.0,10.0,8561.0,11.0,2902.0,17.0
160,Gd,64,7451.0,0.0,9187.0,4.0,1877.0,24.0
160,Tb,65,6375.0,0.0,6563.0,0.0,7534.0,34.0
160,Dy,66,8576.0,1.0,7429.0,1.0,11510.0,7.0
160,Ho,67,7124.0,15.0,4504.0,15.0,16112.0,58.0
160,Er,68,9574.0,24.0,6023.0,24.0,20125.0,26.0
160,Tm,69,7802.0,44.0,3029.0,34.0,24478.0,64.0
160,Yb,70,10395.0,19.0,4881.0,28.0,28836.0,150.0
160,Lu,71,8632.0,68.0,1720.0,59.0,33531.0,16451.0
161,Nd,60,3526.0,13357.0,22918.0,9211.0,6606.0,282.0
161,Pm,61,5305.0,10391.0,17226.0,10282.0,8683.0,259.0
161,Sm,62,4508.0,9.0,10959.0,11383.0,6.0,10593.0
161,Eu,63,6382.0,14.0,8845.0,11.0,5405.0,10.0
161,Gd,64,5635.0,1.0,9314.0,9.0,304.0,8.0
161,Tb,65,7696.0,0.0,6808.0,1.0,5562.0,27.0
161,Dy,66,6454.0,0.0,7508.0,1.0,10216.0,15.0
161,Ho,67,8885.0,15.0,4813.0,2.0,14634.0,28.0
161,Er,68,7208.0,25.0,6107.0,17.0,18886.0,24.0
161,Tm,69,9668.0,44.0,3123.0,37.0,23119.0,37.0
161,Yb,70,7748.0,16.0,4826.0,37.0,27284.0,13441.0
161,Lu,71,10363.0,63.0,1688.0,28.0,31722.0,152.0
161,Hf,72,8447.0,24.0,3333.0,61.0,36335.0,14104.0
162,Pm,61,4206.0,11071.0,19306.0,11475.0,8301.0,365.0
162,Sm,62,5929.0,11583.0,13652.0,9183.0,6889.0,924.0
162,Eu,63,4983.0,36.0,9320.0,35.0,7338.0,35.0
162,Gd,64,6845.0,3.0,9777.0,11.0,2054.0,3.0
162,Tb,65,6285.0,36.0,7459.0,36.0,4198.0,44.0
162,Dy,66,8196.0,0.0,8008.0,1.0,8355.0,15.0
162,Ho,67,6915.0,3.0,5274.0,3.0,13209.0,75.0
162,Er,68,9204.0,8.0,6426.0,2.0,17165.0,8.0
162,Tm,69,7650.0,38.0,3565.0,27.0,21697.0,58.0
162,Yb,70,10058.0,21.0,5216.0,31.0,25827.0,23.0
162,Lu,71,8340.0,80.0,2281.0,76.0,30330.0,16041.0
162,Hf,72,10925.0,24.0,3895.0,29.0,34729.0,11811.0
163,Pm,61,4951.0,10988.0,21347.0,10049.0,8748.0,1083.0
163,Sm,62,4262.0,11639.0,15661.0,10226.0,7146.0,2060.0
163,Eu,63,5852.0,74.0,9244.0,9893.0,65.0,10897.0
163,Gd,64,5104.0,9.0,9899.0,36.0,3853.0,9.0
163,Tb,65,6991.0,36.0,7604.0,5.0,1867.0,6.0
163,Dy,66,6271.0,0.0,7994.0,36.0,7082.0,15.0
163,Ho,67,8408.0,3.0,5485.0,0.0,11586.0,27.0
163,Er,68,6904.0,4.0,6415.0,5.0,15904.0,25.0
163,Tm,69,9322.0,26.0,3683.0,5.0,20194.0,38.0
163,Yb,70,7544.0,21.0,5110.0,30.0,24390.0,54.0
163,Lu,71,10030.0,80.0,2254.0,31.0,28789.0,33.0
163,Hf,72,8165.0,26.0,3720.0,79.0,33071.0,14009.0
164,Sm,62,5454.0,12142.0,17866.0,8978.0,6997.0,132.0
164,Eu,63,4967.0,9950.0,11601.0,11859.0,8155.0,2501.0
164,Gd,64,6531.0,10578.0,6169.0,9640.0,6882.0,2544.0
164,Tb,65,5553.0,100.0,8053.0,100.0,173.0,102.0
164,Dy,66,7658.0,0.0,8660.0,4.0,4950.0,15.0
164,Ho,67,6674.0,1.0,5889.0,1.0,10339.0,27.0
164,Er,68,8846.0,4.0,6853.0,0.0,14124.0,15.0
164,Tm,69,7246.0,25.0,4025.0,24.0,18621.0,37.0
164,Yb,70,9789.0,21.0,5577.0,16.0,22781.0,18.0
164,Lu,71,7922.0,39.0,2632.0,31.0,27169.0,61.0
164,Hf,72,10626.0,29.0,4316.0,32.0,31396.0,150.0
164,Ta,73,8819.0,47.0,1308.0,37.0,35939.0,16597.0
165,Sm,62,3777.0,12227.0,19804.0,10152.0,7426.0,1389.0
165,Eu,63,5414.0,9910.0,14175.0,10707.0,8670.0,1292.0
165,Gd,64,4750.0,10361.0,8069.0,10743.0,7115.0,3723.0
165,Tb,65,6559.0,8081.0,2364.0,11459.0,8579.0,3784.0
165,Dy,66,5715.0,0.0,8823.0,100.0,3317.0,26.0
165,Ho,67,7988.0,1.0,6220.0,0.0,8456.0,26.0
165,Er,68,6650.0,0.0,6829.0,1.0,12886.0,27.0
165,Tm,69,9096.0,24.0,4275.0,1.0,17081.0,13.0
165,Yb,70,7349.0,30.0,5680.0,36.0,21434.0,36.0
165,Lu,71,9871.0,38.0,2713.0,30.0,25782.0,35.0
165,Hf,72,7888.0,32.0,4282.0,39.0,29841.0,13866.0
165,Ta,73,10636.0,31.0,1318.0,20.0,34255.0,14126.0
166,Eu,63,4555.0,10688.0,15864.0,11605.0,8376.0,1688.0
166,Gd,64,6148.0,11095.0,10396.0,9562.0,6819.0,1837.0
166,Tb,65,5390.0,8721.0,4003.0,70.0,12600.0,8293.0
166,Dy,66,7043.0,0.0,9308.0,989.0,7.0,10203.0
166,Ho,67,6243.0,0.0,6747.0,0.0,7050.0,29.0
166,Er,68,8475.0,1.0,7316.0,0.0,11067.0,27.0
166,Tm,69,7030.0,11.0,4655.0,11.0,15790.0,30.0
166,Yb,70,9371.0,27.0,5955.0,7.0,19707.0,11.0
166,Lu,71,7650.0,39.0,3014.0,39.0,24127.0,78.0
166,Hf,72,10294.0,39.0,4705.0,38.0,28427.0,33.0
166,Ta,73,8321.0,31.0,1751.0,39.0,32744.0,16431.0
166,W,74,11098.0,26.0,3329.0,16.0,37159.0,12105.0
167,Eu,63,4874.0,10570.0,18270.0,10509.0,8956.0,506.0
167,Gd,64,4355.0,10894.0,12478.0,10622.0,7432.0,2936.0
167,Tb,65,6113.0,8686.0,6617.0,11237.0,8711.0,3100.0
167,Dy,66,5417.0,60.0,9334.0,92.0,659.0,60.0
167,Ho,67,7280.0,5.0,6984.0,5.0,4779.0,32.0
167,Er,68,6436.0,0.0,7508.0,0.0,9823.0,27.0
167,Tm,69,8726.0,11.0,4906.0,1.0,14192.0,27.0
167,Yb,70,7066.0,8.0,5991.0,12.0,18492.0,18.0
167,Lu,71,9551.0,43.0,3194.0,32.0,22670.0,13505.0
167,Hf,72,7680.0,39.0,4735.0,40.0,26965.0,77.0
167,Ta,73,10324.0,39.0,1781.0,39.0,31278.0,33.0
167,W,74,8281.0,20.0,3289.0,33.0,35486.0,14460.0
168,Gd,64,5621.0,11642.0,14628.0,9555.0,7225.0,1091.0
168,Tb,65,4867.0,9199.0,8590.0,12518.0,8594.0,3648.0
168,Dy,66,6700.0,152.0,9922.0,3022.0,140.0,10036.0
168,Ho,67,5851.0,30.0,7419.0,67.0,2993.0,49.0
168,Er,68,7771.0,0.0,7999.0,5.0,7630.0,27.0
168,Tm,69,6840.0,1.0,5310.0,1.0,12919.0,28.0
168,Yb,70,9062.0,4.0,6327.0,1.0,16688.0,13.0
168,Lu,71,7638.0,50.0,3766.0,39.0,21272.0,49.0
168,Hf,72,9964.0,39.0,5148.0,42.0,25365.0,29.0
168,Ta,73,8114.0,39.0,2215.0,39.0,29727.0,61.0
168,W,74,10866.0,22.0,3831.0,30.0,33885.0,150.0
169,Gd,64,3861.0,11701.0,16770.0,10568.0,7919.0,2223.0
169,Tb,65,5677.0,9254.0,10947.0,11195.0,9065.0,2525.0
169,Dy,66,5108.0,331.0,10164.0,4780.0,300.0,11041.0
169,Ho,67,6807.0,36.0,7526.0,141.0,712.0,20.0
169,Er,68,6003.0,0.0,8150.0,30.0,6206.0,27.0
169,Tm,69,8033.0,1.0,5573.0,1.0,10984.0,27.0
169,Yb,70,6866.0,0.0,6353.0,1.0,15459.0,15.0
169,Lu,71,9088.0,39.0,3791.0,3.0,19675.0,11.0
169,Hf,72,7427.0,39.0,4938.0,48.0,23994.0,37.0
169,Ta,73,9967.0,39.0,2218.0,39.0,28196.0,36.0
169,W,74,8096.0,20.0,3812.0,31.0,32405.0,14143.0
169,Re,75,10685.0,32.0,805.0,16.0,36621.0,14399.0
170,Tb,65,4466.0,9860.0,13072.0,12350.0,8953.0,2933.0
170,Dy,66,6138.0,10624.0,7101.0,9770.0,7128.0,2796.0
170,Ho,67,5512.0,53.0,7930.0,304.0,1067.0,52.0
170,Er,68,7256.0,1.0,8600.0,20.0,3854.0,27.0
170,Tm,69,6591.0,0.0,6161.0,1.0,9658.0,27.0
170,Yb,70,8457.0,1.0,6777.0,0.0,13473.0,13.0
170,Lu,71,7292.0,17.0,4217.0,16.0,18393.0,28.0
170,Hf,72,9608.0,39.0,5458.0,28.0,22327.0,29.0
170,Ta,73,7918.0,39.0,2709.0,39.0,26778.0,15933.0
170,W,74,10444.0,20.0,4289.0,30.0,30991.0,22.0
170,Re,75,8575.0,25.0,1284.0,27.0,35161.0,16690.0
171,Tb,65,5379.0,9941.0,15179.0,10832.0,9196.0,1355.0
171,Dy,66,4597.0,10754.0,9118.0,10851.0,7398.0,3821.0
171,Ho,67,6351.0,602.0,8145.0,3309.0,600.0,11789.0
171,Er,68,5681.0,0.0,8769.0,50.0,2287.0,28.0
171,Tm,69,7485.0,1.0,6390.0,1.0,7490.0,27.0
171,Yb,70,6614.0,0.0,6799.0,0.0,12220.0,27.0
171,Lu,71,8593.0,16.0,4353.0,1.0,16578.0,28.0
171,Hf,72,7248.0,40.0,5414.0,33.0,21129.0,33.0
171,Ta,73,9653.0,39.0,2755.0,39.0,25308.0,47.0
171,W,74,7866.0,30.0,4237.0,39.0,29616.0,77.0
171,Re,75,10408.0,36.0,1248.0,30.0,33687.0,34.0
171,Os,76,8447.0,20.0,2677.0,29.0,37782.0,14818.0
172,Dy,66,5892.0,11266.0,11246.0,9425.0,7183.0,1790.0
172,Ho,67,5036.0,8584.0,5252.0,12891.0,8978.0,4491.0
172,Er,68,6835.0,3.0,9253.0,600.0,81.0,24.0
172,Tm,69,6235.0,5.0,6944.0,5.0,6044.0,28.0
172,Yb,70,8019.0,0.0,7334.0,0.0,10158.0,27.0
172,Lu,71,6978.0,2.0,4718.0,2.0,15198.0,39.0
172,Hf,72,9042.0,37.0,5862.0,24.0,19158.0,27.0
172,Ta,73,7681.0,39.0,3187.0,40.0,23950.0,42.0
172,W,74,10082.0,39.0,4665.0,39.0,27990.0,29.0
172,Re,75,8358.0,47.0,1739.0,47.0,32219.0,68.0
172,Os,76,11013.0,21.0,3282.0,30.0,36185.0,150.0
173,Dy,66,4001.0,11377.0,13613.0,10804.0,7649.0,3088.0
173,Ho,67,5938.0,8630.0,7530.0,11549.0,9177.0,3020.0
173,Er,68,5242.0,9459.0,1758.0,11576.0,7449.0,5656.0
173,Tm,69,6953.0,7.0,7061.0,5.0,3859.0,28.0
173,Yb,70,6367.0,0.0,7465.0,5.0,8823.0,27.0
173,Lu,71,8216.0,2.0,4914.0,1.0,13327.0,27.0
173,Hf,72,7080.0,37.0,5964.0,28.0,17973.0,31.0
173,Ta,73,9137.0,39.0,3283.0,37.0,22128.0,30.0
173,W,74,7701.0,39.0,4686.0,39.0,26784.0,62.0
173,Re,75,10088.0,47.0,1745.0,39.0,30721.0,36.0
173,Os,76,8265.0,19.0,3190.0,41.0,34729.0,14522.0
174,Ho,67,4411.0,9040.0,9880.0,13030.0,9363.0,3988.0
174,Er,68,6367.0,9888.0,3895.0,10245.0,7434.0,3886.0
174,Tm,69,5679.0,44.0,7499.0,2123.0,52.0,13329.0
174,Yb,70,7464.0,0.0,7977.0,4.0,6717.0,27.0
174,Lu,71,6760.0,1.0,5307.0,1.0,11897.0,27.0
174,Hf,72,8504.0,28.0,6252.0,2.0,15849.0,10.0
174,Ta,73,7415.0,39.0,3617.0,39.0,20877.0,37.0
174,W,74,9571.0,39.0,5119.0,39.0,24908.0,29.0
174,Re,75,8190.0,39.0,2234.0,39.0,29438.0,16134.0
174,Os,76,10628.0,18.0,3730.0,29.0,33354.0,21.0
175,Ho,67,5584.0,9121.0,11963.0,11447.0,9671.0,2294.0
175,Er,68,4774.0,10251.0,5830.0,11409.0,7696.0,5004.0
175,Tm,69,6517.0,67.0,7650.0,98.0,57.0,12054.0
175,Yb,70,5822.0,0.0,8120.0,44.0,5062.0,27.0
175,Lu,71,7666.0,1.0,5510.0,1.0,9877.0,27.0
175,Hf,72,6708.0,0.0,6200.0,2.0,14376.0,11.0
175,Ta,73,8739.0,39.0,3853.0,28.0,19014.0,30.0
175,W,74,7477.0,39.0,5181.0,39.0,23919.0,33.0
175,Re,75,9686.0,39.0,2350.0,39.0,27884.0,47.0
175,Os,76,8181.0,15.0,3721.0,30.0,32132.0,73.0
176,Er,68,6050.0,10717.0,7946.0,9770.0,7584.0,2954.0
176,Tm,69,5132.0,111.0,8008.0,1994.0,104.0,13289.0
176,Yb,70,6867.0,0.0,8469.0,50.0,2849.0,27.0
176,Lu,71,6287.0,0.0,5975.0,1.0,8319.0,27.0
176,Hf,72,8165.0,1.0,6699.0,0.0,12478.0,27.0
176,Ta,73,7028.0,41.0,4172.0,30.0,17487.0,35.0
176,W,74,9080.0,39.0,5521.0,39.0,21707.0,30.0
176,Re,75,7845.0,39.0,2719.0,39.0,26541.0,43.0
176,Os,76,10063.0,30.0,4098.0,39.0,30312.0,30.0
176,Ir,77,8555.0,20.0,1061.0,20.0,34459.0,76.0
177,Er,68,4299.0,10857.0,10023.0,11055.0,7696.0,4159.0
177,Tm,69,6169.0,8127.0,4246.0,11894.0,9345.0,3867.0
177,Yb,70,5566.0,0.0,8904.0,100.0,1284.0,27.0
177,Lu,71,7072.0,0.0,6181.0,1.0,6114.0,27.0
177,Hf,72,6375.0,1.0,6787.0,0.0,10924.0,14.0
177,Ta,73,8420.0,30.0,4427.0,3.0,15667.0,20.0
177,W,74,7131.0,39.0,5625.0,41.0,20331.0,31.0
177,Re,75,9277.0,39.0,2916.0,39.0,24724.0,29.0
177,Os,76,7929.0,31.0,4182.0,31.0,29173.0,76.0
177,Ir,77,10240.0,25.0,1238.0,34.0,32706.0,29.0
178,Tm,69,4718.0,8546.0,6483.0,13226.0,9400.0,4734.0
178,Yb,70,6780.0,10.0,9516.0,711.0,18.0,10386.0
178,Lu,71,6025.0,1.0,6640.0,2.0,4684.0,28.0
178,Hf,72,7625.0,0.0,7340.0,0.0,8890.0,13.0
178,Ta,73,6955.0,5007.0,14346.0,14689.0,8747.0,10214.0
178,W,74,8776.0,31.0,5981.0,15.0,18409.0,18.0
178,Re,75,7455.0,39.0,3240.0,39.0,23349.0,29.0
178,Os,76,9659.0,19.0,4564.0,31.0,27228.0,17.0
178,Ir,77,8275.0,27.0,1584.0,24.0,31462.0,16556.0
178,Pt,78,10698.0,18.0,3239.0,22.0,35571.0,26.0
179,Tm,69,5556.0,8629.0,8757.0,11968.0,9894.0,3336.0
179,Yb,70,4913.0,9711.0,2758.0,11642.0,7698.0,5740.0
179,Lu,71,6792.0,5.0,6652.0,11.0,2474.0,25.0
179,Hf,72,6098.0,0.0,7414.0,2.0,7443.0,16.0
179,Ta,73,7830.0,5211.0,0.0,12275.0,9.0,13234.0
179,W,74,6959.0,20.0,5986.0,17026.0,16.0,13130.0
179,Re,75,9002.0,37.0,3466.0,28.0,21595.0,27.0
179,Os,76,7546.0,21.0,4655.0,32.0,26091.0,31.0
179,Ir,77,9901.0,22.0,1826.0,16.0,29813.0,40.0
179,Pt,78,8341.0,12.0,3305.0,21.0,34318.0,76.0
180,Yb,70,6134.0,10288.0,5036.0,10226.0,7733.0,3905.0
180,Lu,71,5688.0,70.0,7428.0,838.0,73.0,13729.0
180,Hf,72,7387.0,0.0,8009.0,5.0,5421.0,16.0
180,Ta,73,6646.0,2.0,5758.0,2.0,10955.0,21.0
180,W,74,8412.0,14.0,6567.0,0.0,15200.0,11.0
180,Re,75,7324.0,32.0,3831.0,25.0,20211.0,21.0
180,Os,76,9409.0,23.0,5062.0,29.0,24107.0,20.0
180,Ir,77,7967.0,23.0,2247.0,27.0,28590.0,63.0
180,Pt,78,10239.0,13.0,3643.0,14.0,32494.0,16.0
181,Yb,70,4560.0,10457.0,7146.0,11223.0,7891.0,4818.0
181,Lu,71,6192.0,144.0,7486.0,1719.0,126.0,12451.0
181,Hf,72,5694.0,0.0,8015.0,70.0,3852.0,25.0
181,Ta,73,7576.0,1.0,5947.0,1.0,8975.0,5.0
181,W,74,6669.0,0.0,6589.0,2.0,13852.0,13.0
181,Re,75,8751.0,24.0,4170.0,12.0,18646.0,23.0
181,Os,76,7263.0,30.0,5001.0,33.0,22888.0,29.0
181,Ir,77,9556.0,22.0,2394.0,17.0,26664.0,10.0
181,Pt,78,8016.0,17.0,3692.0,25.0,31264.0,76.0
182,Lu,71,5154.0,8081.0,3566.0,13431.0,9522.0,5367.0
182,Hf,72,6717.0,6.0,8541.0,125.0,1440.0,22.0
182,Ta,73,6062.0,0.0,6316.0,1.0,7378.0,21.0
182,W,74,8083.0,1.0,7096.0,1.0,12077.0,13.0
182,Re,75,6999.0,102.0,4501.0,101.0,17145.0,103.0
182,Os,76,9130.0,33.0,5380.0,25.0,21032.0,23.0
182,Ir,77,7659.0,21.0,2790.0,32.0,25723.0,24.0
182,Pt,78,9858.0,18.0,3994.0,14.0,29343.0,17.0
183,Lu,71,5907.0,8185.0,6093.0,80.0,12083.0,9748.0
183,Hf,72,5304.0,30.0,8692.0,381.0,58.0,12225.0
183,Ta,73,6934.0,0.0,6532.0,6.0,5089.0,24.0
183,W,74,6190.0,0.0,7224.0,1.0,10593.0,15.0
183,Re,75,8434.0,102.0,4852.0,8.0,15618.0,12.0
183,Os,76,7126.0,54.0,5506.0,113.0,19859.0,50.0
183,Ir,77,9222.0,32.0,2883.0,32.0,23616.0,26.0
183,Pt,78,7675.0,20.0,4009.0,26.0,28197.0,32.0
184,Lu,71,4767.0,8601.0,7808.0,13119.0,9540.0,4405.0
184,Hf,72,6287.0,49.0,9072.0,89.0,2753.0,39.0
184,Ta,73,5617.0,26.0,6845.0,39.0,3228.0,38.0
184,W,74,7411.0,0.0,7701.0,1.0,8371.0,15.0
184,Re,75,6481.0,9.0,5143.0,4.0,13900.0,22.0
184,Os,76,8659.0,49.0,5731.0,8.0,17903.0,10.0
184,Ir,77,7478.0,37.0,3235.0,57.0,22727.0,29.0
184,Pt,78,9633.0,22.0,4419.0,28.0,26282.0,20.0
184,Au,79,8198.0,24.0,1835.0,27.0,31381.0,81.0
185,Hf,72,4891.0,75.0,9197.0,4486.0,64.0,12107.0
185,Ta,73,6626.0,29.0,7183.0,42.0,1058.0,31.0
185,W,74,5753.0,0.0,7837.0,26.0,6699.0,25.0
185,Re,75,7670.0,4.0,5402.0,0.0,11960.0,2.0
185,Os,76,6624.0,0.0,5875.0,4.0,16622.0,13.0
185,Ir,77,8796.0,39.0,3371.0,27.0,20577.0,34.0
185,Pt,78,7425.0,30.0,4366.0,38.0,25146.0,30.0
185,Au,79,9610.0,22.0,1812.0,15.0,29622.0,14625.0
186,Hf,72,6175.0,82.0,9825.0,6575.0,51.0,10699.0
186,Ta,73,5284.0,61.0,7576.0,87.0,564.0,62.0
186,W,74,7192.0,1.0,8403.0,14.0,4644.0,21.0
186,Re,75,6179.0,0.0,5828.0,0.0,10212.0,20.0
186,Os,76,8265.0,0.0,6469.0,0.0,14460.0,11.0
186,Ir,77,6908.0,32.0,3655.0,16.0,19285.0,27.0
186,Pt,78,9247.0,33.0,4817.0,35.0,23182.0,24.0
186,Au,79,7928.0,21.0,2315.0,33.0,28568.0,26.0
186,Hg,80,10426.0,17.0,3969.0,11.0,32640.0,21.0
187,Hf,72,4464.0,9895.0,8402.0,11782.0,8460.0,5370.0
187,Ta,73,6359.0,82.0,7760.0,75.0,2653.0,62.0
187,W,74,5466.0,0.0,8585.0,60.0,3218.0,24.0
187,Re,75,7360.0,0.0,5996.0,1.0,8188.0,22.0
187,Os,76,6290.0,0.0,6580.0,0.0,13101.0,13.0
187,Ir,77,8448.0,32.0,3838.0,27.0,17104.0,29.0
187,Pt,78,6891.0,32.0,4801.0,29.0,21698.0,24.0
187,Au,79,9384.0,30.0,2452.0,31.0,26644.0,24.0
187,Hg,80,7650.0,18.0,3692.0,25.0,30946.0,34.0
188,Hf,72,6134.0,10588.0,10258.0,10042.0,7873.0,3267.0
188,Ta,73,4787.0,78.0,8084.0,4732.0,55.0,13522.0
188,W,74,6835.0,3.0,9061.0,55.0,846.0,6.0
188,Re,75,5871.0,0.0,6401.0,1.0,6645.0,2.0
188,Os,76,7989.0,0.0,7209.0,0.0,10935.0,12.0
188,Ir,77,6866.0,29.0,4414.0,9.0,16008.0,31.0
188,Pt,78,9207.0,24.0,5560.0,28.0,20005.0,11.0
188,Au,79,7414.0,22.0,2975.0,24.0,25176.0,11.0
188,Hg,80,10155.0,18.0,4463.0,25.0,29657.0,23.0
189,Ta,73,6288.0,8239.0,6620.0,11698.0,9459.0,4027.0
189,W,74,5021.0,40.0,9294.0,68.0,851.0,41.0
189,Re,75,7033.0,8.0,6600.0,8.0,4397.0,21.0
189,Os,76,5920.0,0.0,7258.0,0.0,9360.0,31.0
189,Ir,77,8176.0,15.0,4601.0,12.0,13833.0,15.0
189,Pt,78,6719.0,11.0,5413.0,13.0,18625.0,17.0
189,Au,79,9281.0,20.0,3050.0,20.0,23517.0,28.0
189,Hg,80,7495.0,33.0,4544.0,31.0,28204.0,38.0
190,Ta,73,4755.0,8640.0,8241.0,13077.0,9168.0,4713.0
190,W,74,6836.0,56.0,9842.0,2924.0,39.0,9940.0
190,Re,75,5728.0,71.0,7307.0,81.0,2802.0,70.0
190,Os,76,7792.0,0.0,8017.0,8.0,7337.0,15.0
190,Ir,77,6375.0,12.0,5055.0,1.0,12381.0,8.0
190,Pt,78,8908.0,10.0,6145.0,12.0,16889.0,12.0
190,Au,79,7322.0,20.0,3653.0,10.0,22233.0,22.0
190,Hg,80,9815.0,35.0,5077.0,25.0,26806.0,20.0
191,Ta,73,6050.0,8750.0,10217.0,11381.0,9251.0,2945.0
191,W,74,4865.0,57.0,9952.0,4522.0,42.0,11364.0
191,Re,75,6785.0,71.0,7256.0,41.0,552.0,11.0
191,Os,76,5758.0,0.0,8048.0,70.0,5803.0,22.0
191,Ir,77,8026.0,0.0,5289.0,1.0,10425.0,7.0
191,Pt,78,6463.0,4.0,6233.0,3.0,15467.0,37.0
191,Au,79,9035.0,6.0,3780.0,4.0,20558.0,8.0
191,Hg,80,7292.0,27.0,5047.0,22.0,25523.0,23.0
191,Tl,81,9982.0,10.0,2201.0,17.0,30146.0,17.0
192,W,74,6545.0,10447.0,6639.0,9574.0,7044.0,3159.0
192,Re,75,5309.0,71.0,7701.0,82.0,1183.0,72.0
192,Os,76,7558.0,2.0,8820.0,10.0,3870.0,15.0
192,Ir,77,6198.0,0.0,5729.0,1.0,8963.0,31.0
192,Pt,78,8661.0,2.0,6868.0,2.0,13732.0,13.0
192,Au,79,7045.0,16.0,4362.0,15.0,19237.0,34.0
192,Hg,80,9490.0,27.0,5502.0,16.0,23940.0,19.0
192,Tl,81,7660.0,32.0,2569.0,38.0,28798.0,42.0
193,W,74,4709.0,10512.0,8193.0,10916.0,7090.0,4390.0
193,Re,75,6714.0,80.0,7871.0,3173.0,40.0,11655.0
193,Os,76,5583.0,0.0,9094.0,70.0,2332.0,15.0
193,Ir,77,7771.0,0.0,5943.0,2.0,7059.0,6.0
193,Pt,78,6262.0,2.0,6933.0,0.0,12285.0,49.0
193,Au,79,8704.0,18.0,4405.0,9.0,17520.0,11.0
193,Hg,80,7121.0,21.0,5579.0,22.0,22736.0,21.0
193,Tl,81,9676.0,32.0,2754.0,16.0,27409.0,22.0
193,Pb,82,7709.0,51.0,3611.0,58.0,31237.0,55.0
194,Re,75,5077.0,8239.0,4975.0,13123.0,8803.0,4901.0
194,Os,76,7112.0,3.0,9492.0,39.0,251.0,3.0
194,Ir,77,6066.0,0.0,6426.0,2.0,5594.0,14.0
194,Pt,78,8351.0,1.0,7512.0,1.0,10552.0,17.0
194,Au,79,6878.0,8.0,5021.0,2.0,16183.0,6.0
194,Hg,80,9193.0,15.0,6068.0,9.0,21179.0,13.0
194,Tl,81,7531.0,15.0,3164.0,20.0,26217.0,28.0
194,Pb,82,10084.0,52.0,4019.0,18.0,29931.0,24.0
195,Re,75,6413.0,8342.0,6988.0,11419.0,8935.0,3131.0
195,Os,76,5147.0,55.0,9564.0,1501.0,60.0,11430.0
195,Ir,77,7231.0,0.0,6546.0,2.0,3537.0,11.0
195,Pt,78,6105.0,0.0,7551.0,1.0,9086.0,17.0
195,Au,79,8426.0,2.0,5095.0,1.0,14541.0,5.0
195,Hg,80,6900.0,23.0,6090.0,23.0,19957.0,43.0
195,Tl,81,9289.0,17.0,3260.0,11.0,24684.0,14.0
195,Pb,82,7571.0,25.0,4059.0,22.0,28757.0,53.0
196,Re,75,5035.0,8821.0,8597.0,12695.0,8609.0,3974.0
196,Os,76,6836.0,68.0,9987.0,3548.0,40.0,9671.0
196,Ir,77,5814.0,38.0,7212.0,67.0,1938.0,40.0
196,Pt,78,7921.0,0.0,8241.0,1.0,7296.0,7.0
196,Au,79,6642.0,3.0,5633.0,2.0,13129.0,24.0
196,Hg,80,8883.0,23.0,6547.0,3.0,18352.0,13.0
196,Tl,81,7412.0,16.0,3772.0,26.0,23581.0,32.0
196,Pb,82,9711.0,19.0,4482.0,13.0,27319.0,16.0
197,Re,75,6031.0,8911.0,10638.0,11218.0,8888.0,2444.0
197,Os,76,5103.0,10056.0,5232.0,10981.0,6792.0,4864.0
197,Ir,77,6899.0,43.0,7275.0,44.0,77.0,25.0
197,Pt,78,5846.0,0.0,8273.0,38.0,5674.0,4.0
197,Au,79,8072.0,2.0,5784.0,0.0,11452.0,8.0
197,Hg,80,6785.0,1.0,6690.0,3.0,17182.0,49.0
197,Tl,81,8916.0,20.0,3804.0,16.0,21986.0,18.0
197,Pb,82,7468.0,9.0,4537.0,13.0,26255.0,16.0
197,Bi,83,9749.0,25.0,1627.0,11.0,29941.0,55.0
198,Os,76,6600.0,10624.0,7117.0,9416.0,6606.0,2819.0
198,Ir,77,5628.0,7801.0,1708.0,13167.0,8555.0,5404.0
198,Pt,78,7555.0,2.0,8928.0,20.0,3836.0,9.0
198,Au,79,6512.0,0.0,6450.0,0.0,10211.0,27.0
198,Hg,80,8485.0,3.0,7103.0,0.0,15480.0,17.0
198,Tl,81,7258.0,17.0,4277.0,8.0,20814.0,9.0
198,Pb,82,9393.0,9.0,5014.0,18.0,24837.0,15.0
198,Bi,83,7753.0,29.0,1913.0,28.0,28943.0,42.0
199,Os,76,4718.0,10633.0,9063.0,10729.0,6923.0,4043.0
199,Ir,77,6649.0,7851.0,3660.0,49.0,11621.0,8742.0
199,Pt,78,5556.0,0.0,8857.0,2156.0,10.0,11586.0
199,Au,79,7584.0,0.0,6478.0,2.0,8296.0,10.0
199,Hg,80,6663.0,0.0,7254.0,0.0,14337.0,18.0
199,Tl,81,8601.0,28.0,4394.0,27.0,19236.0,28.0
199,Pb,82,7235.0,13.0,4992.0,12.0,23732.0,38.0
199,Bi,83,9499.0,29.0,2019.0,13.0,27568.0,17.0
200,Os,76,6367.0,11208.0,10724.0,9071.0,6587.0,2007.0
200,Ir,77,5283.0,8416.0,5437.0,12937.0,8562.0,4538.0
200,Pt,78,7281.0,20.0,9489.0,45.0,348.0,22.0
200,Au,79,6217.0,26.0,7140.0,26.0,6869.0,34.0
200,Hg,80,8028.0,0.0,7698.0,0.0,12561.0,7.0
200,Tl,81,7059.0,28.0,4790.0,5.0,18059.0,25.0
200,Pb,82,9090.0,14.0,5480.0,30.0,22246.0,17.0
200,Bi,83,7644.0,24.0,2427.0,24.0,26503.0,37.0
201,Ir,77,6357.0,8407.0,7284.0,11298.0,8804.0,2889.0
201,Pt,78,5212.0,53.0,9419.0,1530.0,51.0,11368.0
201,Au,79,7231.0,26.0,7090.0,20.0,4984.0,15.0
201,Hg,80,6230.0,0.0,7711.0,26.0,11141.0,4.0
201,Tl,81,8204.0,15.0,4966.0,14.0,16391.0,16.0
201,Pb,82,7091.0,17.0,5512.0,14.0,21198.0,51.0
201,Bi,83,9117.0,27.0,2454.0,18.0,25005.0,17.0
201,Po,84,7650.0,9.0,3439.0,22.0,28457.0,20.0
202,Ir,77,4951.0,8826.0,9204.0,12714.0,8571.0,3730.0
202,Pt,78,7022.0,56.0,10084.0,3248.0,25.0,9629.0
202,Au,79,6023.0,23.0,7901.0,55.0,3611.0,27.0
202,Hg,80,7754.0,0.0,8233.0,3.0,9403.0,8.0
202,Tl,81,6870.0,14.0,5606.0,1.0,15389.0,28.0
202,Pb,82,8740.0,14.0,6048.0,14.0,19665.0,17.0
202,Bi,83,7396.0,21.0,2759.0,20.0,23837.0,16.0
202,Po,84,9491.0,9.0,3814.0,17.0,27016.0,17.0
203,Pt,78,5006.0,10139.0,5160.0,10981.0,6848.0,4799.0
203,Au,79,6861.0,23.0,7740.0,25.0,1618.0,13.0
203,Hg,80,5995.0,1.0,8205.0,23.0,7958.0,8.0
203,Tl,81,7852.0,1.0,5705.0,1.0,13598.0,10.0
203,Pb,82,6917.0,7.0,6095.0,6.0,18632.0,19.0
203,Bi,83,8854.0,19.0,2873.0,13.0,22401.0,14.0
203,Po,84,7440.0,12.0,3858.0,17.0,25972.0,39.0
204,Pt,78,6367.0,10521.0,7188.0,9565.0,6839.0,2964.0
204,Au,79,5578.0,8313.0,4.0,12753.0,7955.0,4893.0
204,Hg,80,7492.0,1.0,8835.0,3.0,6348.0,11.0
204,Tl,81,6656.0,0.0,6365.0,1.0,12470.0,22.0
204,Pb,82,8394.0,6.0,6637.0,0.0,17139.0,7.0
204,Bi,83,7192.0,15.0,3148.0,11.0,21253.0,26.0
204,Po,84,9101.0,14.0,4105.0,16.0,24398.0,18.0
205,Pt,78,3116.0,10568.0,10804.0,12434.0,8674.0,5767.0
205,Au,79,6191.0,8137.0,2295.0,11568.0,8787.0,3653.0
205,Hg,80,5668.0,3.0,8927.0,4766.0,10.0,11566.0
205,Tl,81,7546.0,0.0,6419.0,1.0,10848.0,15.0
205,Pb,82,6731.0,0.0,6713.0,0.0,16060.0,5.0
205,Bi,83,8489.0,10.0,3243.0,5.0,19754.0,9.0
205,Po,84,7251.0,14.0,4164.0,13.0,23360.0,71.0
205,At,85,9167.0,26.0,1919.0,18.0,27078.0,53.0
206,Pt,78,4737.0,10961.0,14154.0,10767.0,9922.0,3655.0
206,Au,79,3516.0,8537.0,5814.0,14418.0,10276.0,6121.0
206,Hg,80,6729.0,20.0,9465.0,2757.0,20.0,10415.0
206,Tl,81,6503.0,0.0,7254.0,3.0,9823.0,15.0
206,Pb,82,8086.0,0.0,7253.0,0.0,14652.0,8.0
206,Bi,83,7035.0,9.0,3547.0,7.0,18785.0,29.0
206,Po,84,8738.0,10.0,4413.0,6.0,21754.0,18.0
206,At,85,7529.0,21.0,2197.0,18.0,25909.0,52.0
207,Au,79,4667.0,8467.0,9245.0,12867.0,11976.0,4524.0
207,Hg,80,3612.0,36.0,9562.0,658.0,30.0,12993.0
207,Tl,81,6852.0,5.0,7377.0,21.0,7807.0,13.0
207,Pb,82,6737.0,0.0,7487.0,0.0,13817.0,8.0
207,Bi,83,8097.0,7.0,3558.0,2.0,17210.0,17.0
207,Po,84,7028.0,7.0,4406.0,10.0,20690.0,53.0
207,At,85,8869.0,19.0,2327.0,13.0,24373.0,51.0
208,Au,79,3363.0,8850.0,12769.0,14241.0,11729.0,5505.0
208,Hg,80,4849.0,42.0,9744.0,4204.0,30.0,11660.0
208,Tl,81,3787.0,5.0,7551.0,29.0,4280.0,9.0
208,Pb,82,7367.0,0.0,8003.0,5.0,12093.0,11.0
208,Bi,83,6886.0,2.0,3707.0,2.0,16204.0,12.0
208,Po,84,8395.0,6.0,4703.0,2.0,19197.0,9.0
208,At,85,7313.0,15.0,2613.0,11.0,23223.0,56.0
208,Rn,86,9092.0,14.0,3717.0,16.0,26339.0,35.0
209,Hg,80,3450.0,9832.0,7722.0,12877.0,10434.0,6634.0
209,Tl,81,4965.0,6.0,7668.0,31.0,762.0,7.0
209,Pb,82,3937.0,1.0,8153.0,2.0,8673.0,10.0
209,Bi,83,7459.0,1.0,3799.0,0.0,14489.0,14.0
209,Po,84,6967.0,1.0,4784.0,2.0,18224.0,5.0
209,At,85,8484.0,10.0,2701.0,5.0,21726.0,50.0
209,Rn,86,7356.0,14.0,3760.0,13.0,25308.0,14997.0
210,Hg,80,4792.0,10114.0,10588.0,11447.0,10309.0,4821.0
210,Tl,81,3673.0,13.0,7892.0,2725.0,13.0,14729.0
210,Pb,82,5185.0,1.0,8372.0,6.0,5123.0,4.0
210,Bi,83,4604.0,0.0,4466.0,1.0,11458.0,15.0
210,Po,84,7658.0,1.0,4983.0,0.0,16395.0,9.0
210,At,85,7160.0,9.0,2895.0,7.0,20761.0,57.0
210,Rn,86,8735.0,10.0,4011.0,6.0,23664.0,19.0
211,Hg,80,3330.0,10242.0,11808.0,12627.0,10341.0,6012.0
211,Tl,81,4902.0,43.0,8002.0,5569.0,42.0,13277.0
211,Pb,82,3835.0,2.0,8534.0,11.0,1737.0,7.0
211,Bi,83,5138.0,5.0,4419.0,5.0,7718.0,13.0
211,Po,84,4550.0,0.0,4929.0,0.0,13264.0,8.0
211,At,85,7746.0,8.0,2983.0,2.0,18849.0,53.0
211,Rn,86,7221.0,8.0,4072.0,10.0,22665.0,73.0
211,Fr,87,8878.0,19.0,1824.0,12.0,26220.0,15511.0
212,Tl,81,3544.0,8216.0,7077.0,14525.0,11957.0,6636.0
212,Pb,82,5127.0,2.0,8759.0,41.0,1110.0,3.0
212,Bi,83,4330.0,5.0,4913.0,2.0,4601.0,8.0
212,Po,84,6008.0,0.0,5799.0,5.0,10170.0,11.0
212,At,85,5052.0,3.0,3484.0,2.0,15905.0,51.0
212,Rn,86,7975.0,7.0,4301.0,3.0,20770.0,10.0
212,Fr,87,7447.0,14.0,2049.0,11.0,25109.0,75.0
213,Tl,81,4737.0,8262.0,8363.0,27.0,13119.0,12013.0
213,Pb,82,3726.0,7.0,8942.0,2492.0,7.0,13585.0
213,Bi,83,5185.0,5.0,4971.0,5.0,1678.0,7.0
213,Po,84,4355.0,2.0,5824.0,3.0,6999.0,10.0
213,At,85,6022.0,5.0,3499.0,4.0,12734.0,16.0
213,Rn,86,5107.0,4.0,4356.0,3.0,17816.0,9.0
213,Fr,87,8108.0,10.0,2182.0,5.0,23215.0,71.0
214,Pb,82,5050.0,7.0,9255.0,27.0,4136.0,9.0
214,Bi,83,4040.0,12.0,5286.0,13.0,242.0,14.0
214,Po,84,5887.0,2.0,6527.0,5.0,4562.0,5.0
214,At,85,4871.0,6.0,4015.0,4.0,9823.0,15.0
214,Rn,86,6695.0,9.0,5029.0,10.0,15014.0,14.0
214,Fr,87,5477.0,9.0,2551.0,9.0,20444.0,76.0
215,Pb,82,3546.0,52.0,9411.0,5510.0,53.0,13269.0
215,Bi,83,5241.0,12.0,5476.0,5.0,1311.0,9.0
215,Po,84,4142.0,2.0,6629.0,11.0,3075.0,7.0
215,At,85,5947.0,7.0,4074.0,6.0,7286.0,14.0
215,Rn,86,4920.0,11.0,5077.0,8.0,12090.0,11.0
215,Fr,87,6794.0,11.0,2651.0,11.0,17545.0,73.0
215,Ra,88,5630.0,9.0,3796.0,11.0,22389.0,88.0
216,Pb,82,4934.0,9720.0,7227.0,11726.0,10560.0,5460.0
216,Bi,83,3826.0,12.0,5757.0,53.0,2903.0,11.0
216,Po,84,5747.0,2.0,7135.0,5.0,1508.0,8.0
216,At,85,4558.0,7.0,4490.0,3.0,5887.0,11.0
216,Rn,86,6649.0,9.0,5780.0,8.0,10045.0,13.0
216,Fr,87,5418.0,7.0,3149.0,8.0,14828.0,53.0
216,Ra,88,7313.0,11.0,4315.0,11.0,19775.0,29.0
217,Pb,82,3311.0,9767.0,8581.0,13040.0,10639.0,6708.0
217,Bi,83,5215.0,20.0,6039.0,4415.0,18.0,15098.0
217,Po,84,3970.0,6.0,7279.0,12.0,6.0,9.0
217,At,85,5933.0,6.0,4676.0,5.0,4309.0,12.0
217,Rn,86,4665.0,7.0,5887.0,5.0,8547.0,11.0
217,Fr,87,6727.0,7.0,3227.0,8.0,12753.0,17.0
217,Ra,88,5472.0,11.0,4370.0,8.0,17084.0,16282.0
218,Pb,82,4858.0,10149.0,10236.0,11447.0,10406.0,4892.0
218,Bi,83,3585.0,32.0,6313.0,6156.0,27.0,16447.0
218,Po,84,5597.0,6.0,7662.0,17.0,1705.0,11.0
218,At,85,4367.0,12.0,5074.0,13.0,2745.0,52.0
218,Rn,86,6512.0,4.0,6466.0,5.0,7149.0,10.0
218,Fr,87,5326.0,7.0,3888.0,6.0,11624.0,18.0
218,Ra,88,7309.0,13.0,4952.0,12.0,15243.0,17.0
219,Pb,82,3246.0,10191.0,11449.0,12676.0,10425.0,6066.0
219,Bi,83,5005.0,6460.0,7665.0,14753.0,13667.0,7211.0
219,Po,84,3746.0,15.0,7823.0,31.0,3287.0,17.0
219,At,85,5773.0,12.0,5249.0,3.0,1173.0,50.0
219,Rn,86,4459.0,3.0,6557.0,11.0,5641.0,50.0
219,Fr,87,6512.0,8.0,3888.0,7.0,9922.0,51.0
219,Ra,88,5328.0,13.0,4953.0,9.0,13892.0,51.0
219,Ac,89,7345.0,71.0,2370.0,51.0,17887.0,101.0
220,Bi,83,3535.0,6749.0,9337.0,16076.0,13443.0,8152.0
220,Po,84,5489.0,23.0,8308.0,4993.0,19.0,12758.0
220,At,85,4091.0,14.0,5594.0,21.0,632.0,15.0
220,Rn,86,6288.0,2.0,7072.0,3.0,4057.0,22.0
220,Fr,87,5206.0,8.0,4636.0,4.0,8736.0,16975.0
220,Ra,88,7195.0,11.0,5636.0,10.0,12663.0,13921.0
220,Ac,89,5897.0,50.0,2939.0,10.0,16567.0,17803.0
221,Bi,83,4792.0,6860.0,10820.0,14530.0,13508.0,6564.0
221,Po,84,3561.0,26.0,8334.0,6809.0,20.0,14202.0
221,At,85,5664.0,19.0,5769.0,22.0,2259.0,52.0
221,Rn,86,4211.0,5.0,7193.0,15.0,2468.0,9.0
221,Fr,87,6276.0,6.0,4623.0,5.0,7099.0,51.0
221,Ra,88,5377.0,9.0,5807.0,5.0,11556.0,51.0
221,Ac,89,7291.0,50.0,3036.0,51.0,15327.0,15839.0
222,Po,84,5358.0,44.0,8900.0,8166.0,40.0,12378.0
222,At,85,3901.0,21.0,6109.0,25.0,4331.0,16.0
222,Rn,86,6170.0,5.0,7699.0,14.0,830.0,12.0
222,Fr,87,4970.0,8.0,5382.0,9.0,5776.0,16476.0
222,Ra,88,6714.0,6.0,6246.0,6.0,9952.0,52.0
222,Ac,89,5972.0,50.0,3631.0,6.0,14397.0,17062.0
223,Po,84,3479.0,8940.0,9845.0,13692.0,11124.0,9056.0
223,At,85,5596.0,21.0,6347.0,42.0,5602.0,15.0
223,Rn,86,4053.0,8.0,7852.0,17.0,1003.0,12.0
223,Fr,87,6067.0,7.0,5278.0,2.0,3938.0,71.0
223,Ra,88,5158.0,4.0,6433.0,7.0,8603.0,71.0
223,Ac,89,6866.0,8.0,3783.0,8.0,12774.0,15572.0
224,At,85,3788.0,26.0,6656.0,7476.0,22.0,15935.0
224,Rn,86,6015.0,12.0,8271.0,17.0,2451.0,14.0
224,Fr,87,4705.0,11.0,5930.0,13.0,2113.0,13.0
224,Ra,88,6478.0,2.0,6845.0,2.0,6896.0,23.0
224,Ac,89,5663.0,8.0,4288.0,4.0,11642.0,16624.0
225,At,85,5388.0,6805.0,8757.0,14027.0,12772.0,7312.0
225,Rn,86,3982.0,14.0,8465.0,24.0,4224.0,12.0
225,Fr,87,5999.0,16.0,5913.0,15.0,520.0,72.0
225,Ra,88,4904.0,2.0,7044.0,11.0,5386.0,11.0
225,Ac,89,6668.0,6.0,4477.0,4.0,9950.0,71.0
226,At,85,3852.0,7205.0,10305.0,15415.0,12400.0,8124.0
226,Rn,86,5858.0,15.0,8936.0,5549.0,11.0,11746.0
226,Fr,87,4371.0,13.0,6302.0,12.0,1487.0,13.0
226,Ra,88,6396.0,2.0,7441.0,12.0,3661.0,13.0
226,Ac,89,5399.0,5.0,4972.0,3.0,8468.0,16194.0
227,At,85,5202.0,7354.0,11634.0,13664.0,12437.0,6299.0
227,Rn,86,3932.0,17.0,9017.0,7081.0,14.0,13202.0
227,Fr,87,5909.0,8.0,6353.0,12.0,2851.0,9.0
227,Ra,88,4561.0,0.0,7631.0,6.0,1867.0,9.0
227,Ac,89,6531.0,3.0,5107.0,2.0,6712.0,72.0
227,Th,90,5464.0,4.0,5793.0,3.0,10965.0,14878.0
228,Rn,86,5713.0,22.0,9529.0,8472.0,17.0,11340.0
228,Fr,87,4369.0,8.0,6790.0,15.0,4460.0,8.0
228,Ra,88,6308.0,2.0,8031.0,6.0,281.0,14.0
228,Ac,89,5026.0,2.0,5571.0,2.0,4700.0,50.0
228,Th,90,7105.0,2.0,6367.0,2.0,9316.0,29.0
229,Rn,86,3952.0,21.0,9611.0,9776.0,13.0,12590.0
229,Fr,87,5787.0,8.0,6864.0,18.0,5771.0,5.0
229,Ra,88,4449.0,15.0,8111.0,16.0,1351.0,16.0
229,Ac,89,6276.0,12.0,5539.0,12.0,3089.0,87.0
229,Th,90,5256.0,2.0,6598.0,2.0,7810.0,51.0
229,Pa,91,7098.0,5.0,4163.0,3.0,12253.0,87.0
230,Rn,86,5386.0,10065.0,11185.0,11074.0,9428.0,5414.0
230,Fr,87,4252.0,8.0,7164.0,14.0,7313.0,7.0
230,Ra,88,6116.0,18.0,8440.0,11.0,2901.0,11.0
230,Ac,89,4922.0,19.0,6012.0,22.0,1397.0,53.0
230,Th,90,6794.0,2.0,7116.0,12.0,6071.0,14.0
230,Pa,91,5794.0,4.0,4700.0,3.0,10758.0,16113.0
231,Fr,87,5477.0,10.0,7256.0,8656.0,7.0,13428.0
231,Ra,88,4371.0,15.0,8559.0,13.0,4410.0,11.0
231,Ac,89,6146.0,20.0,6042.0,16.0,138.0,52.0
231,Th,90,5118.0,0.0,7311.0,15.0,4493.0,22.0
231,Pa,91,6820.0,3.0,4727.0,1.0,8986.0,14549.0
231,U,92,5880.0,5.0,5656.0,3.0,13464.0,14619.0
232,Fr,87,4079.0,15.0,7670.0,10126.0,15.0,14736.0
232,Ra,88,5790.0,14.0,8872.0,11.0,5887.0,9.0
232,Ac,89,4679.0,18.0,6351.0,17.0,1795.0,15348.0
232,Th,90,6440.0,1.0,7605.0,13.0,2916.0,17.0
232,Pa,91,5549.0,7.0,5158.0,7.0,7393.0,15794.0
232,U,92,7267.0,2.0,6103.0,1.0,11703.0,13146.0
233,Ra,88,4234.0,12.0,9027.0,16.0,7414.0,8.0
233,Ac,89,5917.0,18.0,6477.0,15.0,3359.0,52.0
233,Th,90,4786.0,0.0,7711.0,13.0,1320.0,50.0
233,Pa,91,6528.0,7.0,5246.0,1.0,5774.0,14384.0
233,U,92,5761.0,2.0,6316.0,7.0,10374.0,71.0
233,Np,93,7482.0,3949.0,50.0,14912.0,14853.0,51.0
234,Ra,88,5474.0,12.0,9278.0,21.0,8785.0,8.0
234,Ac,89,4538.0,19.0,6781.0,16.0,4886.0,16.0
234,Th,90,6190.0,2.0,7983.0,13.0,263.0,7.0
234,Pa,91,5221.0,4.0,5681.0,4.0,4122.0,15602.0
234,U,92,6845.0,2.0,6633.0,0.0,8579.0,17.0
234,Np,93,6065.0,51.0,4253.0,8.0,13501.0,16056.0
235,Ac,89,5555.0,19.0,6862.0,16.0,6314.0,14.0
235,Th,90,4666.0,13.0,8112.0,19.0,1835.0,24.0
235,Pa,91,6121.0,14.0,5613.0,14.0,2336.0,54.0
235,U,92,5297.0,0.0,6709.0,3.0,7115.0,14140.0
235,Np,93,6983.0,8.0,4390.0,0.0,11661.0,14834.0
236,Ac,89,4207.0,40.0,7198.0,7842.0,63.0,15001.0
236,Th,90,5833.0,19.0,8390.0,19.0,3353.0,14.0
236,Pa,91,5026.0,19.0,5972.0,19.0,707.0,15431.0
236,U,92,6545.0,0.0,7133.0,14.0,5410.0,18.0
236,Np,93,5736.0,50.0,4829.0,50.0,10164.0,15943.0
237,Th,90,4371.0,21.0,8554.0,41.0,4863.0,15.0
237,Pa,91,5877.0,19.0,6016.0,19.0,958.0,14220.0
237,U,92,5125.0,0.0,7232.0,14.0,3856.0,70.0
237,Np,93,6577.0,50.0,4861.0,0.0,8316.0,14663.0
237,Pu,94,5881.0,2.0,5575.0,50.0,12847.0,87.0
238,Th,90,5501.0,8784.0,6362.0,12015.0,10032.0,7042.0
238,Pa,91,4704.0,20.0,6350.0,22.0,2472.0,53.0
238,U,92,6153.0,1.0,7508.0,13.0,2137.0,12.0
238,Np,93,5488.0,0.0,5224.0,0.0,6761.0,15720.0
238,Pu,94,6999.0,1.0,5997.0,0.0,11114.0,13495.0
239,Pa,91,5628.0,6477.0,3947.0,14093.0,11946.0,7763.0
239,U,92,4806.0,0.0,7610.0,15.0,574.0,54.0
239,Np,93,6214.0,0.0,5285.0,1.0,4939.0,14631.0
239,Pu,94,5646.0,0.0,6155.0,0.0,9681.0,14427.0
239,Am,95,7102.0,50.0,4061.0,1.0,14165.0,15009.0
240,Pa,91,4499.0,6830.0,5399.0,15095.0,11819.0,8536.0
240,U,92,5928.0,2.0,7911.0,991.0,3.0,12532.0
240,Np,93,5066.0,17.0,5545.0,17.0,3348.0,15719.0
240,Pu,94,6534.0,0.0,6474.0,0.0,7865.0,18.0
240,Am,95,5951.0,13.0,4367.0,13.0,12688.0,16057.0
241,U,92,4590.0,8002.0,2495.0,13570.0,10167.0,9318.0
241,Np,93,6127.0,72.0,5744.0,70.0,1772.0,14398.0
241,Pu,94,5241.0,0.0,6650.0,17.0,6372.0,14354.0
241,Am,95,6647.0,13.0,4479.0,0.0,10929.0,15056.0
241,Cm,96,6093.0,2.0,5097.0,13.0,15424.0,15022.0
242,U,92,5648.0,8309.0,3816.0,12421.0,10147.0,7816.0
242,Np,93,4914.0,212.0,6069.0,317.0,15412.0,200.0
242,Pu,94,6309.0,0.0,6832.0,70.0,4670.0,12.0
242,Am,95,5537.0,0.0,4776.0,0.0,9333.0,16053.0
242,Cm,96,6969.0,1.0,5419.0,0.0,13596.0,14004.0
243,Np,93,5612.0,6033.0,1186.0,14390.0,12024.0,8613.0
243,Pu,94,5033.0,2.0,6951.0,200.0,3235.0,14205.0
243,Am,95,6364.0,1.0,4830.0,1.0,7572.0,14930.0
243,Cm,96,5693.0,1.0,5575.0,1.0,12205.0,14958.0
244,Np,93,4745.0,6447.0,2488.0,15293.0,11869.0,9208.0
244,Pu,94,6019.0,2.0,7359.0,1672.0,3.0,13099.0
244,Am,95,5367.0,1.0,5164.0,2.0,6146.0,15873.0
244,Cm,96,6801.0,1.0,6012.0,1.0,10514.0,13694.0
245,Pu,94,4699.0,13.0,7313.0,207.0,13.0,14013.0
245,Am,95,6050.0,1.0,5194.0,2.0,4466.0,14856.0
245,Cm,96,5518.0,0.0,6163.0,1.0,9183.0,14540.0
245,Bk,97,6971.0,14.0,3927.0,1.0,13459.0,15342.0
246,Pu,94,5854.0,20.0,7784.0,1304.0,15.0,12904.0
246,Am,95,4978.0,5473.0,2907.0,15899.0,12103.0,10765.0
246,Cm,96,6458.0,1.0,6572.0,1.0,7571.0,15.0
246,Bk,97,5918.0,60.0,4326.0,60.0,12148.0,16225.0
247,Am,95,5912.0,5531.0,1425.0,14686.0,12211.0,9598.0
247,Cm,96,5155.0,3.0,6750.0,6139.0,14343.0,4.0
247,Bk,97,6548.0,60.0,4416.0,5.0,10447.0,15195.0
248,Am,95,4662.0,5834.0,264.0,15879.0,12249.0,10319.0
248,Cm,96,6211.0,3.0,7049.0,4505.0,8.0,13110.0
248,Bk,97,5481.0,4742.0,9068.0,16174.0,11940.0,11826.0
248,Cf,98,6937.0,16.0,5540.0,7.0,13383.0,13981.0
249,Cm,96,4713.0,0.0,7101.0,2768.0,6.0,14308.0
249,Bk,97,6305.0,4835.0,2.0,7386.0,15024.0,3.0
249,Cf,98,5586.0,5.0,5646.0,12059.0,14944.0,5.0
250,Cm,96,5832.0,10.0,7403.0,1082.0,12.0,13138.0
250,Bk,97,4967.0,3.0,5089.0,4.0,5680.0,16268.0
250,Cf,98,6623.0,1.0,5964.0,1.0,10393.0,13801.0
251,Bk,97,5793.0,11.0,5050.0,14.0,3738.0,21.0
251,Cf,98,5106.0,3.0,6103.0,5.0,8714.0,14999.0
251,Es,99,6784.0,3947.0,6.0,13216.0,15500.0,5.0
252,Bk,97,4765.0,5402.0,1976.0,16256.0,12648.0,11077.0
252,Cf,98,6171.0,4.0,6482.0,10.0,6836.0,9.0
252,Es,99,5288.0,50.0,4129.0,50.0,11442.0,16835.0
253,Cf,98,4804.0,3.0,6522.0,5057.0,8.0,14784.0
253,Es,99,6355.0,50.0,4313.0,2.0,9565.0,15586.0
253,Fm,100,5541.0,6.0,5237.0,50.0,14211.0,15544.0
254,Cf,98,6031.0,11.0,6876.0,3381.0,14.0,13518.0
254,Es,99,5091.0,3.0,4599.0,5.0,7881.0,16666.0
254,Fm,100,6514.0,3.0,5396.0,2.0,12296.0,14318.0
255,Cf,98,4603.0,6873.0,1998.0,14592.0,11139.0,11400.0
255,Es,99,5972.0,11.0,4541.0,15.0,5858.0,20.0
255,Fm,100,5174.0,4.0,5479.0,5.0,10530.0,15499.0
255,Md,101,6681.0,3348.0,6.0,14750.0,16208.0,7.0
256,Es,99,4974.0,4911.0,4560.0,16556.0,12749.0,11905.0
256,Fm,100,6384.0,6.0,5891.0,12.0,8735.0,18.0
256,Md,101,5458.0,3632.0,13042.0,17264.0,12974.0,14092.0
257,Es,99,5855.0,4926.0,3262.0,15305.0,12926.0,10657.0
257,Fm,100,4968.0,6.0,5886.0,7276.0,11.0,15211.0
257,Md,101,6534.0,3782.0,5.0,11214.0,15904.0,4.0
258,Fm,100,6235.0,6266.0,5915.0,13950.0,11201.0,11263.0
258,Md,101,5377.0,4.0,4192.0,6.0,10110.0,16910.0
258,No,102,6841.0,4804.0,13766.0,14732.0,11499.0,13324.0
259,Fm,100,4793.0,6287.0,4658.0,15012.0,11381.0,12310.0
259,Md,101,6134.0,4091.0,8367.0,15745.0,13001.0,12084.0
259,No,102,5470.0,4897.0,7.0,12441.0,15796.0,6.0
260,Md,101,5144.0,4441.0,7121.0,16836.0,12826.0,12795.0
260,No,102,6538.0,5301.0,10936.0,14636.0,11483.0,12668.0
260,Lr,103,5646.0,3091.0,15047.0,17510.0,12894.0,14930.0
261,Md,101,6045.0,4476.0,5730.0,15585.0,13016.0,11523.0
261,No,102,5228.0,5386.0,9550.0,15542.0,11632.0,13675.0
261,Lr,103,6790.0,3343.0,13575.0,16190.0,12944.0,13518.0
262,No,102,6425.0,5766.0,8265.0,14260.0,11341.0,12043.0
262,Lr,103,5528.0,3642.0,12440.0,17201.0,12887.0,14124.0
263,No,102,5043.0,5787.0,7061.0,15262.0,11441.0,13010.0
263,Lr,103,6444.0,3661.0,10767.0,15985.0,12981.0,12824.0
263,Rf,104,5708.0,4635.0,14922.0,15909.0,11343.0,14790.0
264,Lr,103,5424.0,4041.0,9681.0,16986.0,12786.0,13445.0
264,Rf,104,6750.0,4941.0,13487.0,14686.0,11383.0,13268.0
265,Lr,103,6215.0,4066.0,8182.0,15815.0,12996.0,12253.0
265,Rf,104,5458.0,4976.0,12210.0,15672.0,11452.0,14235.0
265,Db,105,6950.0,2883.0,16195.0,16438.0,12954.0,14028.0
266,Rf,104,6685.0,5446.0,11060.0,14410.0,11211.0,12593.0
266,Db,105,5818.0,3242.0,15225.0,17371.0,12845.0,14654.0
267,Rf,104,4703.0,5467.0,9209.0,15922.0,11931.0,14080.0
267,Db,105,6734.0,3291.0,13717.0,16095.0,12861.0,13344.0
267,Sg,106,5883.0,4220.0,18074.0,16034.0,11308.0,15375.0
268,Db,105,5084.0,3671.0,12089.0,17696.0,13236.0,14475.0
268,Sg,106,7075.0,4561.0,16847.0,14776.0,11183.0,13758.0
269,Db,105,5985.0,3616.0,10222.0,16415.0,13936.0,13173.0
269,Sg,106,5110.0,4588.0,15072.0,16399.0,11890.0,15333.0
270,Sg,106,6343.0,4946.0,13187.0,15140.0,12281.0,13693.0
271,Sg,106,4805.0,4839.0,11191.0,16320.0,12560.0,14928.0
272,Bh,107,5203.0,3257.0,13984.0,18009.0,13891.0,15288.0
273,Bh,107,6228.0,3236.0,12062.0,16587.0,14006.0,13973.0
276,Hs,108,6405.0,4694.0,12067.0,15315.0,12516.0,13914.0
278,Mt,109,5304.0,3046.0,13153.0,18161.0,13980.0,15691.0
